This is XeTeX, Version 3.141592653-2.6-0.999998 (MiKTeX 26.5 Portable) (preloaded format=xelatex 2026.6.13)  18 JUN 2026 11:15
entering extended mode
 \write18 enabled.
 %&-line parsing enabled.
**./Syllabus_Optics_2026.tex
(Syllabus_Optics_2026.tex
LaTeX2e <2026-06-01>
L3 programming layer <2026-05-26>
(D:/Projects/LaTeX/MyPackages\tex/latex/misc\Syllabus.cls
Document Class: Syllabus 2024/02/18
(d:\Programs\LaTeX\MikTeX\texmfs\install\tex/latex/base\article.cls
Document Class: article 2025/01/22 v1.4n Standard LaTeX document class
(d:\Programs\LaTeX\MikTeX\texmfs\install\tex/latex/base\size12.clo
File: size12.clo 2025/01/22 v1.4n Standard LaTeX file (size option)
)
\c@part=\count273
\c@section=\count274
\c@subsection=\count275
\c@subsubsection=\count276
\c@paragraph=\count277
\c@subparagraph=\count278
\c@figure=\count279
\c@table=\count280
\abovecaptionskip=\skip49
\belowcaptionskip=\skip50
\bibindent=\dimen150
)
(d:\Programs\LaTeX\MikTeX\texmfs\install\tex/latex/geometry\geometry.sty
Package: geometry 2026/03/07 v6.0 Page Geometry

(d:\Programs\LaTeX\MikTeX\texmfs\install\tex/latex/graphics\keyval.sty
Package: keyval 2026-05-17 v1.15 key=value parser (DPC)
\KV@toks@=\toks17
)
(d:\Programs\LaTeX\MikTeX\texmfs\install\tex/generic/iftex\ifvtex.sty
Package: ifvtex 2019/10/25 v1.7 ifvtex legacy package. Use iftex instead.

(d:\Programs\LaTeX\MikTeX\texmfs\install\tex/generic/iftex\iftex.sty
Package: iftex 2024/12/12 v1.0g TeX engine tests
))
\Gm@cnth=\count281
\Gm@cntv=\count282
\c@Gm@tempcnt=\count283
\Gm@bindingoffset=\dimen151
\Gm@wd@mp=\dimen152
\Gm@odd@mp=\dimen153
\Gm@even@mp=\dimen154
\Gm@layoutwidth=\dimen155
\Gm@layoutheight=\dimen156
\Gm@layouthoffset=\dimen157
\Gm@layoutvoffset=\dimen158
\Gm@dimlist=\toks18

(d:\Programs\LaTeX\MikTeX\texmfs\install\tex/latex/geometry\geometry.cfg))
(d:\Programs\LaTeX\MikTeX\texmfs\install\tex/generic/iftex\ifluatex.sty
Package: ifluatex 2019/10/25 v1.5 ifluatex legacy package. Use iftex instead.
)
(d:\Programs\LaTeX\MikTeX\texmfs\install\tex/generic/iftex\ifxetex.sty
Package: ifxetex 2019/10/25 v0.7 ifxetex legacy package. Use iftex instead.
)
(d:\Programs\LaTeX\MikTeX\texmfs\install\tex/latex/fontsetup\fontsetup.sty
Package: fontsetup 2026/06/04 v2.6.0 For easily using font families with mathem
atics

(d:\Programs\LaTeX\MikTeX\texmfs\install\tex/generic/oberdiek\iflang.sty
Package: iflang 2018/01/21 v1.7 Checks for the current language (HO)

(d:\Programs\LaTeX\MikTeX\texmfs\install\tex/generic/infwarerr\infwarerr.sty
Package: infwarerr 2019/12/03 v1.5 Providing info/warning/error messages (HO)
)
(d:\Programs\LaTeX\MikTeX\texmfs\install\tex/generic/pdftexcmds\pdftexcmds.sty
Package: pdftexcmds 2020-06-27 v0.33 Utility functions of pdfTeX for LuaTeX (HO
)

(d:\Programs\LaTeX\MikTeX\texmfs\install\tex/generic/ltxcmds\ltxcmds.sty
Package: ltxcmds 2023-12-04 v1.26 LaTeX kernel commands for general use (HO)
)
Package pdftexcmds Info: \pdf@primitive is available.
Package pdftexcmds Info: \pdf@ifprimitive is available.
Package pdftexcmds Info: \pdfdraftmode not found.
)
Package iflang Info: Naming convention for patterns: babel.
)
(d:\Programs\LaTeX\MikTeX\texmfs\install\tex/latex/fontspec\fontspec.sty
(d:\Programs\LaTeX\MikTeX\texmfs\install\tex/latex/l3packages/xparse\xparse.sty
(d:\Programs\LaTeX\MikTeX\texmfs\install\tex/latex/l3kernel\expl3.sty
Package: expl3 2026-05-26 L3 programming layer (loader) 

(d:\Programs\LaTeX\MikTeX\texmfs\install\tex/latex/l3backend\l3backend-xetex.de
f
File: l3backend-xetex.def 2026-02-18 L3 backend support: XeTeX
\g__graphics_track_int=\count284
\g__pdfannot_backend_int=\count285
\g__pdfannot_backend_link_int=\count286
))
Package: xparse 2025-10-09 L3 Experimental document command parser
)
Package: fontspec 2025/09/29 v2.9g Font selection for XeLaTeX and LuaLaTeX

(d:\Programs\LaTeX\MikTeX\texmfs\install\tex/latex/fontspec\fontspec-xetex.sty
Package: fontspec-xetex 2025/09/29 v2.9g Font selection for XeLaTeX and LuaLaTe
X
\l__fontspec_script_int=\count287
\l__fontspec_language_int=\count288
\l__fontspec_strnum_int=\count289
\l__fontspec_tmp_int=\count290
\l__fontspec_tmpa_int=\count291
\l__fontspec_tmpb_int=\count292
\l__fontspec_tmpc_int=\count293
\l__fontspec_em_int=\count294
\l__fontspec_emdef_int=\count295
\l__fontspec_strong_int=\count296
\l__fontspec_strongdef_int=\count297
\l__fontspec_tmpa_dim=\dimen159
\l__fontspec_tmpb_dim=\dimen160
\l__fontspec_tmpc_dim=\dimen161

(d:\Programs\LaTeX\MikTeX\texmfs\install\tex/latex/base\fontenc.sty
Package: fontenc 2025/07/18 v2.1d Standard LaTeX package
)
(d:\Programs\LaTeX\MikTeX\texmfs\install\tex/latex/fontspec\fontspec.cfg)))
(d:\Programs\LaTeX\MikTeX\texmfs\install\tex/latex/unicode-math\unicode-math.st
y
Package: unicode-math 2023/08/13 v0.8r Unicode maths in XeLaTeX and LuaLaTeX

(d:\Programs\LaTeX\MikTeX\texmfs\install\tex/latex/unicode-math\unicode-math-xe
tex.sty
Package: unicode-math-xetex 2023/08/13 v0.8r Unicode maths in XeLaTeX and LuaLa
TeX

(d:\Programs\LaTeX\MikTeX\texmfs\install\tex/latex/l3packages/l3keys2e\l3keys2e
.sty
Package: l3keys2e 2025-10-09 LaTeX2e option processing using LaTeX3 keys
) (d:\Programs\LaTeX\MikTeX\texmfs\install\tex/latex/base\fix-cm.sty
Package: fix-cm 2020/11/24 v1.1t fixes to LaTeX

(d:\Programs\LaTeX\MikTeX\texmfs\install\tex/latex/base\ts1enc.def
File: ts1enc.def 2001/06/05 v3.0e (jk/car/fm) Standard LaTeX file
LaTeX Font Info:    Redeclaring font encoding TS1 on input line 47.
LaTeX Encoding Info:    Redeclaring text command \capitalcedilla (encoding TS1)
 on input line 49.
LaTeX Encoding Info:    Redeclaring text command \capitalogonek (encoding TS1) 
on input line 52.
LaTeX Encoding Info:    Redeclaring text command \capitalgrave (encoding TS1) o
n input line 55.
LaTeX Encoding Info:    Redeclaring text command \capitalacute (encoding TS1) o
n input line 56.
LaTeX Encoding Info:    Redeclaring text command \capitalcircumflex (encoding T
S1) on input line 57.
LaTeX Encoding Info:    Redeclaring text command \capitaltilde (encoding TS1) o
n input line 58.
LaTeX Encoding Info:    Redeclaring text command \capitaldieresis (encoding TS1
) on input line 59.
LaTeX Encoding Info:    Redeclaring text command \capitalhungarumlaut (encoding
 TS1) on input line 60.
LaTeX Encoding Info:    Redeclaring text command \capitalring (encoding TS1) on
 input line 61.
LaTeX Encoding Info:    Redeclaring text command \capitalcaron (encoding TS1) o
n input line 62.
LaTeX Encoding Info:    Redeclaring text command \capitalbreve (encoding TS1) o
n input line 63.
LaTeX Encoding Info:    Redeclaring text command \capitalmacron (encoding TS1) 
on input line 64.
LaTeX Encoding Info:    Redeclaring text command \capitaldotaccent (encoding TS
1) on input line 65.
LaTeX Encoding Info:    Redeclaring text command \t (encoding TS1) on input lin
e 66.
LaTeX Encoding Info:    Redeclaring text command \capitaltie (encoding TS1) on 
input line 67.
LaTeX Encoding Info:    Redeclaring text command \newtie (encoding TS1) on inpu
t line 68.
LaTeX Encoding Info:    Redeclaring text command \capitalnewtie (encoding TS1) 
on input line 69.
LaTeX Encoding Info:    Redeclaring text symbol \textcapitalcompwordmark (encod
ing TS1) on input line 70.
LaTeX Encoding Info:    Redeclaring text symbol \textascendercompwordmark (enco
ding TS1) on input line 71.
LaTeX Encoding Info:    Redeclaring text symbol \textquotestraightbase (encodin
g TS1) on input line 72.
LaTeX Encoding Info:    Redeclaring text symbol \textquotestraightdblbase (enco
ding TS1) on input line 73.
LaTeX Encoding Info:    Redeclaring text symbol \texttwelveudash (encoding TS1)
 on input line 74.
LaTeX Encoding Info:    Redeclaring text symbol \textthreequartersemdash (encod
ing TS1) on input line 75.
LaTeX Encoding Info:    Redeclaring text symbol \textleftarrow (encoding TS1) o
n input line 76.
LaTeX Encoding Info:    Redeclaring text symbol \textrightarrow (encoding TS1) 
on input line 77.
LaTeX Encoding Info:    Redeclaring text symbol \textblank (encoding TS1) on in
put line 78.
LaTeX Encoding Info:    Redeclaring text symbol \textdollar (encoding TS1) on i
nput line 79.
LaTeX Encoding Info:    Redeclaring text symbol \textquotesingle (encoding TS1)
 on input line 80.
LaTeX Encoding Info:    Redeclaring text command \textasteriskcentered (encodin
g TS1) on input line 81.
LaTeX Encoding Info:    Redeclaring text symbol \textdblhyphen (encoding TS1) o
n input line 92.
LaTeX Encoding Info:    Redeclaring text symbol \textfractionsolidus (encoding 
TS1) on input line 93.
LaTeX Encoding Info:    Redeclaring text symbol \textzerooldstyle (encoding TS1
) on input line 94.
LaTeX Encoding Info:    Redeclaring text symbol \textoneoldstyle (encoding TS1)
 on input line 95.
LaTeX Encoding Info:    Redeclaring text symbol \texttwooldstyle (encoding TS1)
 on input line 96.
LaTeX Encoding Info:    Redeclaring text symbol \textthreeoldstyle (encoding TS
1) on input line 97.
LaTeX Encoding Info:    Redeclaring text symbol \textfouroldstyle (encoding TS1
) on input line 98.
LaTeX Encoding Info:    Redeclaring text symbol \textfiveoldstyle (encoding TS1
) on input line 99.
LaTeX Encoding Info:    Redeclaring text symbol \textsixoldstyle (encoding TS1)
 on input line 100.
LaTeX Encoding Info:    Redeclaring text symbol \textsevenoldstyle (encoding TS
1) on input line 101.
LaTeX Encoding Info:    Redeclaring text symbol \texteightoldstyle (encoding TS
1) on input line 102.
LaTeX Encoding Info:    Redeclaring text symbol \textnineoldstyle (encoding TS1
) on input line 103.
LaTeX Encoding Info:    Redeclaring text symbol \textlangle (encoding TS1) on i
nput line 104.
LaTeX Encoding Info:    Redeclaring text symbol \textminus (encoding TS1) on in
put line 105.
LaTeX Encoding Info:    Redeclaring text symbol \textrangle (encoding TS1) on i
nput line 106.
LaTeX Encoding Info:    Redeclaring text symbol \textmho (encoding TS1) on inpu
t line 107.
LaTeX Encoding Info:    Redeclaring text symbol \textbigcircle (encoding TS1) o
n input line 108.
LaTeX Encoding Info:    Redeclaring text command \textcircled (encoding TS1) on
 input line 109.
LaTeX Encoding Info:    Redeclaring text symbol \textohm (encoding TS1) on inpu
t line 115.
LaTeX Encoding Info:    Redeclaring text symbol \textlbrackdbl (encoding TS1) o
n input line 116.
LaTeX Encoding Info:    Redeclaring text symbol \textrbrackdbl (encoding TS1) o
n input line 117.
LaTeX Encoding Info:    Redeclaring text symbol \textuparrow (encoding TS1) on 
input line 118.
LaTeX Encoding Info:    Redeclaring text symbol \textdownarrow (encoding TS1) o
n input line 119.
LaTeX Encoding Info:    Redeclaring text symbol \textasciigrave (encoding TS1) 
on input line 120.
LaTeX Encoding Info:    Redeclaring text symbol \textborn (encoding TS1) on inp
ut line 121.
LaTeX Encoding Info:    Redeclaring text symbol \textdivorced (encoding TS1) on
 input line 122.
LaTeX Encoding Info:    Redeclaring text symbol \textdied (encoding TS1) on inp
ut line 123.
LaTeX Encoding Info:    Redeclaring text symbol \textleaf (encoding TS1) on inp
ut line 124.
LaTeX Encoding Info:    Redeclaring text symbol \textmarried (encoding TS1) on 
input line 125.
LaTeX Encoding Info:    Redeclaring text symbol \textmusicalnote (encoding TS1)
 on input line 126.
LaTeX Encoding Info:    Redeclaring text symbol \texttildelow (encoding TS1) on
 input line 127.
LaTeX Encoding Info:    Redeclaring text symbol \textdblhyphenchar (encoding TS
1) on input line 128.
LaTeX Encoding Info:    Redeclaring text symbol \textasciibreve (encoding TS1) 
on input line 129.
LaTeX Encoding Info:    Redeclaring text symbol \textasciicaron (encoding TS1) 
on input line 130.
LaTeX Encoding Info:    Redeclaring text symbol \textacutedbl (encoding TS1) on
 input line 131.
LaTeX Encoding Info:    Redeclaring text symbol \textgravedbl (encoding TS1) on
 input line 132.
LaTeX Encoding Info:    Redeclaring text symbol \textdagger (encoding TS1) on i
nput line 133.
LaTeX Encoding Info:    Redeclaring text symbol \textdaggerdbl (encoding TS1) o
n input line 134.
LaTeX Encoding Info:    Redeclaring text symbol \textbardbl (encoding TS1) on i
nput line 135.
LaTeX Encoding Info:    Redeclaring text symbol \textperthousand (encoding TS1)
 on input line 136.
LaTeX Encoding Info:    Redeclaring text symbol \textbullet (encoding TS1) on i
nput line 137.
LaTeX Encoding Info:    Redeclaring text symbol \textcelsius (encoding TS1) on 
input line 138.
LaTeX Encoding Info:    Redeclaring text symbol \textdollaroldstyle (encoding T
S1) on input line 139.
LaTeX Encoding Info:    Redeclaring text symbol \textcentoldstyle (encoding TS1
) on input line 140.
LaTeX Encoding Info:    Redeclaring text symbol \textflorin (encoding TS1) on i
nput line 141.
LaTeX Encoding Info:    Redeclaring text symbol \textcolonmonetary (encoding TS
1) on input line 142.
LaTeX Encoding Info:    Redeclaring text symbol \textwon (encoding TS1) on inpu
t line 143.
LaTeX Encoding Info:    Redeclaring text symbol \textnaira (encoding TS1) on in
put line 144.
LaTeX Encoding Info:    Redeclaring text symbol \textguarani (encoding TS1) on 
input line 145.
LaTeX Encoding Info:    Redeclaring text symbol \textpeso (encoding TS1) on inp
ut line 146.
LaTeX Encoding Info:    Redeclaring text symbol \textlira (encoding TS1) on inp
ut line 147.
LaTeX Encoding Info:    Redeclaring text symbol \textrecipe (encoding TS1) on i
nput line 148.
LaTeX Encoding Info:    Redeclaring text symbol \textinterrobang (encoding TS1)
 on input line 149.
LaTeX Encoding Info:    Redeclaring text symbol \textinterrobangdown (encoding 
TS1) on input line 150.
LaTeX Encoding Info:    Redeclaring text symbol \textdong (encoding TS1) on inp
ut line 151.
LaTeX Encoding Info:    Redeclaring text symbol \texttrademark (encoding TS1) o
n input line 152.
LaTeX Encoding Info:    Redeclaring text symbol \textpertenthousand (encoding T
S1) on input line 153.
LaTeX Encoding Info:    Redeclaring text symbol \textpilcrow (encoding TS1) on 
input line 154.
LaTeX Encoding Info:    Redeclaring text symbol \textbaht (encoding TS1) on inp
ut line 155.
LaTeX Encoding Info:    Redeclaring text symbol \textnumero (encoding TS1) on i
nput line 156.
LaTeX Encoding Info:    Redeclaring text symbol \textdiscount (encoding TS1) on
 input line 157.
LaTeX Encoding Info:    Redeclaring text symbol \textestimated (encoding TS1) o
n input line 158.
LaTeX Encoding Info:    Redeclaring text symbol \textopenbullet (encoding TS1) 
on input line 159.
LaTeX Encoding Info:    Redeclaring text symbol \textservicemark (encoding TS1)
 on input line 160.
LaTeX Encoding Info:    Redeclaring text symbol \textlquill (encoding TS1) on i
nput line 161.
LaTeX Encoding Info:    Redeclaring text symbol \textrquill (encoding TS1) on i
nput line 162.
LaTeX Encoding Info:    Redeclaring text symbol \textcent (encoding TS1) on inp
ut line 163.
LaTeX Encoding Info:    Redeclaring text symbol \textsterling (encoding TS1) on
 input line 164.
LaTeX Encoding Info:    Redeclaring text symbol \textcurrency (encoding TS1) on
 input line 165.
LaTeX Encoding Info:    Redeclaring text symbol \textyen (encoding TS1) on inpu
t line 166.
LaTeX Encoding Info:    Redeclaring text symbol \textbrokenbar (encoding TS1) o
n input line 167.
LaTeX Encoding Info:    Redeclaring text symbol \textsection (encoding TS1) on 
input line 168.
LaTeX Encoding Info:    Redeclaring text symbol \textasciidieresis (encoding TS
1) on input line 169.
LaTeX Encoding Info:    Redeclaring text symbol \textcopyright (encoding TS1) o
n input line 170.
LaTeX Encoding Info:    Redeclaring text symbol \textordfeminine (encoding TS1)
 on input line 171.
LaTeX Encoding Info:    Redeclaring text symbol \textcopyleft (encoding TS1) on
 input line 172.
LaTeX Encoding Info:    Redeclaring text symbol \textlnot (encoding TS1) on inp
ut line 173.
LaTeX Encoding Info:    Redeclaring text symbol \textcircledP (encoding TS1) on
 input line 174.
LaTeX Encoding Info:    Redeclaring text symbol \textregistered (encoding TS1) 
on input line 175.
LaTeX Encoding Info:    Redeclaring text symbol \textasciimacron (encoding TS1)
 on input line 176.
LaTeX Encoding Info:    Redeclaring text symbol \textdegree (encoding TS1) on i
nput line 177.
LaTeX Encoding Info:    Redeclaring text symbol \textpm (encoding TS1) on input
 line 178.
LaTeX Encoding Info:    Redeclaring text symbol \texttwosuperior (encoding TS1)
 on input line 179.
LaTeX Encoding Info:    Redeclaring text symbol \textthreesuperior (encoding TS
1) on input line 180.
LaTeX Encoding Info:    Redeclaring text symbol \textasciiacute (encoding TS1) 
on input line 181.
LaTeX Encoding Info:    Redeclaring text symbol \textmu (encoding TS1) on input
 line 182.
LaTeX Encoding Info:    Redeclaring text symbol \textparagraph (encoding TS1) o
n input line 183.
LaTeX Encoding Info:    Redeclaring text symbol \textperiodcentered (encoding T
S1) on input line 184.
LaTeX Encoding Info:    Redeclaring text symbol \textreferencemark (encoding TS
1) on input line 185.
LaTeX Encoding Info:    Redeclaring text symbol \textonesuperior (encoding TS1)
 on input line 186.
LaTeX Encoding Info:    Redeclaring text symbol \textordmasculine (encoding TS1
) on input line 187.
LaTeX Encoding Info:    Redeclaring text symbol \textsurd (encoding TS1) on inp
ut line 188.
LaTeX Encoding Info:    Redeclaring text symbol \textonequarter (encoding TS1) 
on input line 189.
LaTeX Encoding Info:    Redeclaring text symbol \textonehalf (encoding TS1) on 
input line 190.
LaTeX Encoding Info:    Redeclaring text symbol \textthreequarters (encoding TS
1) on input line 191.
LaTeX Encoding Info:    Redeclaring text symbol \texteuro (encoding TS1) on inp
ut line 192.
LaTeX Encoding Info:    Redeclaring text symbol \texttimes (encoding TS1) on in
put line 193.
LaTeX Encoding Info:    Redeclaring text symbol \textdiv (encoding TS1) on inpu
t line 194.
))
(d:\Programs\LaTeX\MikTeX\texmfs\install\tex/latex/amsmath\amsmath.sty
Package: amsmath 2026/05/19 v2.18d AMS math features
\@mathmargin=\skip51

For additional information on amsmath, use the `?' option.
(d:\Programs\LaTeX\MikTeX\texmfs\install\tex/latex/amsmath\amstext.sty
Package: amstext 2024/11/17 v2.01 AMS text

(d:\Programs\LaTeX\MikTeX\texmfs\install\tex/latex/amsmath\amsgen.sty
File: amsgen.sty 1999/11/30 v2.0 generic functions
\@emptytoks=\toks19
\ex@=\dimen162
))
(d:\Programs\LaTeX\MikTeX\texmfs\install\tex/latex/amsmath\amsbsy.sty
Package: amsbsy 1999/11/29 v1.2d Bold Symbols
\pmbraise@=\dimen163
)
(d:\Programs\LaTeX\MikTeX\texmfs\install\tex/latex/amsmath\amsopn.sty
Package: amsopn 2022/04/08 v2.04 operator names
)
\inf@bad=\count298
LaTeX Info: Redefining \frac on input line 233.
\uproot@=\count299
\leftroot@=\count300
LaTeX Info: Redefining \overline on input line 398.
LaTeX Info: Redefining \colon on input line 409.
\classnum@=\count301
\DOTSCASE@=\count302
LaTeX Info: Redefining \ldots on input line 495.
LaTeX Info: Redefining \dots on input line 498.
LaTeX Info: Redefining \cdots on input line 619.
\Mathstrutbox@=\box53
\strutbox@=\box54
LaTeX Info: Redefining \big on input line 721.
LaTeX Info: Redefining \Big on input line 722.
LaTeX Info: Redefining \bigg on input line 723.
LaTeX Info: Redefining \Bigg on input line 724.
\big@size=\dimen164
LaTeX Font Info:    Redeclaring font encoding OML on input line 742.
LaTeX Font Info:    Redeclaring font encoding OMS on input line 743.
\macc@depth=\count303
LaTeX Info: Redefining \bmod on input line 904.
LaTeX Info: Redefining \pmod on input line 909.
LaTeX Info: Redefining \smash on input line 939.
LaTeX Info: Redefining \relbar on input line 969.
LaTeX Info: Redefining \Relbar on input line 970.
\c@MaxMatrixCols=\count304
\dotsspace@=\muskip17
\c@parentequation=\count305
\dspbrk@lvl=\count306
\tag@help=\toks20
\row@=\count307
\column@=\count308
\maxfields@=\count309
\andhelp@=\toks21
\eqnshift@=\dimen165
\alignsep@=\dimen166
\tagshift@=\dimen167
\tagwidth@=\dimen168
\totwidth@=\dimen169
\lineht@=\dimen170
\@envbody=\toks22
\multlinegap=\skip52
\multlinetaggap=\skip53
\mathdisplay@stack=\toks23
LaTeX Info: Redefining \[ on input line 2965.
LaTeX Info: Redefining \] on input line 2966.
)
\g__um_fam_int=\count310
\g__um_fonts_used_int=\count311
\l__um_primecount_int=\count312
\g__um_primekern_muskip=\muskip18

(d:\Programs\LaTeX\MikTeX\texmfs\install\tex/latex/unicode-math\unicode-math-ta
ble.tex)))
(d:\Programs\LaTeX\MikTeX\texmfs\install\tex/latex/fontsetup\fspdefault.tex
(d:\Programs\LaTeX\MikTeX\texmfs\install\tex/latex/newcomputermodern\NewCM10-Bo
ok.fontspec)

Package fontspec Info: 
(fontspec)             Font family 'NewCM10-Book.otf(0)' created for font
(fontspec)             'NewCM10-Book.otf' with options
(fontspec)             [Ligatures=TeX,UprightFont={NewCM10-Book.otf},UprightFea
tures={SizeFeatures={{Size={-8},Font={NewCM08-Book.otf}},{Size={8-},Font={NewCM
10-Book.otf}}}},ItalicFont={NewCM10-BookItalic.otf},ItalicFeatures={SizeFeature
s={{Size={-8},Font={NewCM08-BookItalic.otf}},{Size={8-},Font={NewCM10-BookItali
c.otf}}}},BoldFont={NewCM10-Bold.otf},BoldFeatures={SizeFeatures={{Size={0-},Fo
nt={NewCM10-Bold.otf}}}},BoldItalicFont={NewCM10-BoldItalic.otf},BoldItalicFeat
ures={SizeFeatures={{Size={0-},Font={NewCM10-BoldItalic.otf}}}},SlantedFont={Ne
wCM10-Book.otf},SlantedFeatures={SizeFeatures={{Size={-8},FakeSlant={0.25},Font
={NewCM08-Book.otf}},{Size={8-},FakeSlant={0.25},Font={NewCM10-Book.otf}}}},Bol
dSlantedFont={NewCM10-Bold.otf},BoldSlantedFeatures={SizeFeatures={{Size={0-},F
akeSlant={0.25},Font={NewCM10-Bold.otf}}}},SwashFont={NewCM10-Book.otf},SwashFe
atures={SizeFeatures={{Size={-8},Font={NewCM08-Book.otf}},{Size={8-},Font={NewC
M10-Book.otf}}}},BoldSwashFont={NewCM10-Bold.otf},BoldSwashFeatures={SizeFeatur
es={{Size={0-},Font={NewCM10-Bold.otf}}}}].
(fontspec)              
(fontspec)              This font family consists of the following NFSS
(fontspec)             series/shapes:
(fontspec)              
(fontspec)             - 'normal' (m/n) with NFSS spec.:
(fontspec)             <-8>"[NewCM08-Book.otf]/OT:script=latn;language=dflt;map
ping=tex-text;"<8->"[NewCM10-Book.otf]/OT:script=latn;language=dflt;mapping=tex
-text;"
(fontspec)             - 'small caps'  (m/sc) with NFSS spec.:
(fontspec)             <-8>"[NewCM08-Book.otf]/OT:script=latn;language=dflt;+sm
cp;mapping=tex-text;"<8->"[NewCM10-Book.otf]/OT:script=latn;language=dflt;+smcp
;mapping=tex-text;"
(fontspec)             - 'bold' (b/n) with NFSS spec.:
(fontspec)             <0->"[NewCM10-Bold.otf]/OT:script=latn;language=dflt;map
ping=tex-text;"
(fontspec)             - 'bold small caps'  (b/sc) with NFSS spec.:
(fontspec)             <0->"[NewCM10-Bold.otf]/OT:script=latn;language=dflt;+sm
cp;mapping=tex-text;"
(fontspec)             - 'italic' (m/it) with NFSS spec.:
(fontspec)             <-8>"[NewCM08-BookItalic.otf]/OT:script=latn;language=df
lt;mapping=tex-text;"<8->"[NewCM10-BookItalic.otf]/OT:script=latn;language=dflt
;mapping=tex-text;"
(fontspec)             - 'italic small caps'  (m/scit) with NFSS spec.:
(fontspec)             <-8>"[NewCM08-BookItalic.otf]/OT:script=latn;language=df
lt;+smcp;mapping=tex-text;"<8->"[NewCM10-BookItalic.otf]/OT:script=latn;languag
e=dflt;+smcp;mapping=tex-text;"
(fontspec)             - 'slanted' (m/sl) with NFSS spec.:
(fontspec)             <-8>"[NewCM08-Book.otf]/OT:script=latn;language=dflt;sla
nt=0.25;mapping=tex-text;"<8->"[NewCM10-Book.otf]/OT:script=latn;language=dflt;
slant=0.25;mapping=tex-text;"
(fontspec)             - 'slanted small caps'  (m/scsl) with NFSS spec.:
(fontspec)             <-8>"[NewCM08-Book.otf]/OT:script=latn;language=dflt;sla
nt=0.25;+smcp;mapping=tex-text;"<8->"[NewCM10-Book.otf]/OT:script=latn;language
=dflt;slant=0.25;+smcp;mapping=tex-text;"
(fontspec)             - 'swash' (m/sw) with NFSS spec.:
(fontspec)             <-8>"[NewCM08-Book.otf]/OT:script=latn;language=dflt;map
ping=tex-text;"<8->"[NewCM10-Book.otf]/OT:script=latn;language=dflt;mapping=tex
-text;"
(fontspec)             -  (m/scsw) with NFSS spec.:
(fontspec)             <-8>"[NewCM08-Book.otf]/OT:script=latn;language=dflt;+sm
cp;mapping=tex-text;"<8->"[NewCM10-Book.otf]/OT:script=latn;language=dflt;+smcp
;mapping=tex-text;"
(fontspec)             - 'bold italic' (b/it) with NFSS spec.:
(fontspec)             <0->"[NewCM10-BoldItalic.otf]/OT:script=latn;language=df
lt;mapping=tex-text;"
(fontspec)             - 'bold italic small caps'  (b/scit) with NFSS spec.:
(fontspec)             <0->"[NewCM10-BoldItalic.otf]/OT:script=latn;language=df
lt;+smcp;mapping=tex-text;"
(fontspec)             - 'bold slanted' (b/sl) with NFSS spec.:
(fontspec)             <0->"[NewCM10-Bold.otf]/OT:script=latn;language=dflt;sla
nt=0.25;mapping=tex-text;"
(fontspec)             - 'bold slanted small caps'  (b/scsl) with NFSS spec.:
(fontspec)             <0->"[NewCM10-Bold.otf]/OT:script=latn;language=dflt;sla
nt=0.25;+smcp;mapping=tex-text;"
(fontspec)             - 'bold swash' (b/sw) with NFSS spec.:
(fontspec)             <0->"[NewCM10-Bold.otf]/OT:script=latn;language=dflt;map
ping=tex-text;"
(fontspec)             -  (b/scsw) with NFSS spec.:
(fontspec)             <0->"[NewCM10-Bold.otf]/OT:script=latn;language=dflt;+sm
cp;mapping=tex-text;"


Package fontspec Info: 
(fontspec)             Font family 'NewCM10-Book.otf(1)' created for font
(fontspec)             'NewCM10-Book.otf' with options
(fontspec)             [UprightFont={NewCM10-Book.otf},UprightFeatures={SizeFea
tures={{Size={-8},Font={NewCM08-Book.otf}},{Size={8-},Font={NewCM10-Book.otf}}}
},ItalicFont={NewCM10-BookItalic.otf},ItalicFeatures={SizeFeatures={{Size={-8},
Font={NewCM08-BookItalic.otf}},{Size={8-},Font={NewCM10-BookItalic.otf}}}},Bold
Font={NewCM10-Bold.otf},BoldFeatures={SizeFeatures={{Size={0-},Font={NewCM10-Bo
ld.otf}}}},BoldItalicFont={NewCM10-BoldItalic.otf},BoldItalicFeatures={SizeFeat
ures={{Size={0-},Font={NewCM10-BoldItalic.otf}}}},SlantedFont={NewCM10-Book.otf
},SlantedFeatures={SizeFeatures={{Size={-8},FakeSlant={0.25},Font={NewCM08-Book
.otf}},{Size={8-},FakeSlant={0.25},Font={NewCM10-Book.otf}}}},BoldSlantedFont={
NewCM10-Bold.otf},BoldSlantedFeatures={SizeFeatures={{Size={0-},FakeSlant={0.25
},Font={NewCM10-Bold.otf}}}},SwashFont={NewCM10-Book.otf},SwashFeatures={SizeFe
atures={{Size={-8},Font={NewCM08-Book.otf}},{Size={8-},Font={NewCM10-Book.otf}}
}},BoldSwashFont={NewCM10-Bold.otf},BoldSwashFeatures={SizeFeatures={{Size={0-}
,Font={NewCM10-Bold.otf}}}}].
(fontspec)              
(fontspec)              This font family consists of the following NFSS
(fontspec)             series/shapes:
(fontspec)              
(fontspec)             - 'normal' (m/n) with NFSS spec.:
(fontspec)             <-8>"[NewCM08-Book.otf]/OT:script=latn;language=dflt;"<8
->"[NewCM10-Book.otf]/OT:script=latn;language=dflt;"
(fontspec)             - 'small caps'  (m/sc) with NFSS spec.:
(fontspec)             <-8>"[NewCM08-Book.otf]/OT:script=latn;language=dflt;+sm
cp;"<8->"[NewCM10-Book.otf]/OT:script=latn;language=dflt;+smcp;"
(fontspec)             - 'bold' (b/n) with NFSS spec.:
(fontspec)             <0->"[NewCM10-Bold.otf]/OT:script=latn;language=dflt;"
(fontspec)             - 'bold small caps'  (b/sc) with NFSS spec.:
(fontspec)             <0->"[NewCM10-Bold.otf]/OT:script=latn;language=dflt;+sm
cp;"
(fontspec)             - 'italic' (m/it) with NFSS spec.:
(fontspec)             <-8>"[NewCM08-BookItalic.otf]/OT:script=latn;language=df
lt;"<8->"[NewCM10-BookItalic.otf]/OT:script=latn;language=dflt;"
(fontspec)             - 'italic small caps'  (m/scit) with NFSS spec.:
(fontspec)             <-8>"[NewCM08-BookItalic.otf]/OT:script=latn;language=df
lt;+smcp;"<8->"[NewCM10-BookItalic.otf]/OT:script=latn;language=dflt;+smcp;"
(fontspec)             - 'slanted' (m/sl) with NFSS spec.:
(fontspec)             <-8>"[NewCM08-Book.otf]/OT:script=latn;language=dflt;sla
nt=0.25;"<8->"[NewCM10-Book.otf]/OT:script=latn;language=dflt;slant=0.25;"
(fontspec)             - 'slanted small caps'  (m/scsl) with NFSS spec.:
(fontspec)             <-8>"[NewCM08-Book.otf]/OT:script=latn;language=dflt;sla
nt=0.25;+smcp;"<8->"[NewCM10-Book.otf]/OT:script=latn;language=dflt;slant=0.25;
+smcp;"
(fontspec)             - 'swash' (m/sw) with NFSS spec.:
(fontspec)             <-8>"[NewCM08-Book.otf]/OT:script=latn;language=dflt;"<8
->"[NewCM10-Book.otf]/OT:script=latn;language=dflt;"
(fontspec)             -  (m/scsw) with NFSS spec.:
(fontspec)             <-8>"[NewCM08-Book.otf]/OT:script=latn;language=dflt;+sm
cp;"<8->"[NewCM10-Book.otf]/OT:script=latn;language=dflt;+smcp;"
(fontspec)             - 'bold italic' (b/it) with NFSS spec.:
(fontspec)             <0->"[NewCM10-BoldItalic.otf]/OT:script=latn;language=df
lt;"
(fontspec)             - 'bold italic small caps'  (b/scit) with NFSS spec.:
(fontspec)             <0->"[NewCM10-BoldItalic.otf]/OT:script=latn;language=df
lt;+smcp;"
(fontspec)             - 'bold slanted' (b/sl) with NFSS spec.:
(fontspec)             <0->"[NewCM10-Bold.otf]/OT:script=latn;language=dflt;sla
nt=0.25;"
(fontspec)             - 'bold slanted small caps'  (b/scsl) with NFSS spec.:
(fontspec)             <0->"[NewCM10-Bold.otf]/OT:script=latn;language=dflt;sla
nt=0.25;+smcp;"
(fontspec)             - 'bold swash' (b/sw) with NFSS spec.:
(fontspec)             <0->"[NewCM10-Bold.otf]/OT:script=latn;language=dflt;"
(fontspec)             -  (b/scsw) with NFSS spec.:
(fontspec)             <0->"[NewCM10-Bold.otf]/OT:script=latn;language=dflt;+sm
cp;"

LaTeX Font Info:    Overwriting math alphabet `\mathrm' in version `normal'
(Font)                  OT1/cmr/m/n --> TU/NewCM10-Book.otf(1)/m/n on input lin
e 3.
LaTeX Font Info:    Overwriting math alphabet `\mathit' in version `normal'
(Font)                  OT1/cmr/m/it --> TU/NewCM10-Book.otf(1)/m/it on input l
ine 3.
LaTeX Font Info:    Overwriting math alphabet `\mathbf' in version `normal'
(Font)                  OT1/cmr/bx/n --> TU/NewCM10-Book.otf(1)/b/n on input li
ne 3.

(d:\Programs\LaTeX\MikTeX\texmfs\install\tex/latex/newcomputermodern\NewCMSans1
0-Book.fontspec)

Package fontspec Info: 
(fontspec)             Font family 'NewCMSans10-Book.otf(0)' created for font
(fontspec)             'NewCMSans10-Book.otf' with options
(fontspec)             [Ligatures=TeX,UprightFont={NewCMSans10-Book.otf},Uprigh
tFeatures={SizeFeatures={{Size={-8},Font={NewCMSans08-Book.otf}},{Size={8-},Fon
t={NewCMSans10-Book.otf}}}},ItalicFont={NewCMSans10-BookOblique.otf},ItalicFeat
ures={SizeFeatures={{Size={-8},Font={NewCMSans08-BookOblique.otf}},{Size={8-},F
ont={NewCMSans10-BookOblique.otf}}}},BoldFont={NewCMSans10-Bold.otf},BoldFeatur
es={SizeFeatures={{Size={0-},Font={NewCMSans10-Bold.otf}}}},BoldItalicFont={New
CMSans10-BoldOblique.otf},BoldItalicFeatures={SizeFeatures={{Size={0-},Font={Ne
wCMSans10-BoldOblique.otf}}}},SlantedFont={NewCMSans10-Book.otf},SlantedFeature
s={SizeFeatures={{Size={-8},FakeSlant={0.25},Font={NewCMSans08-Book.otf}},{Size
={8-},FakeSlant={0.25},Font={NewCMSans10-Book.otf}}}},BoldSlantedFont={NewCMSan
s10-Bold.otf},BoldSlantedFeatures={SizeFeatures={{Size={0-},FakeSlant={0.25},Fo
nt={NewCMSans10-Bold.otf}}}},SwashFont={NewCMSans10-Book.otf},SwashFeatures={Si
zeFeatures={{Size={-8},Font={NewCMSans08-Book.otf}},{Size={8-},Font={NewCMSans1
0-Book.otf}}}},BoldSwashFont={NewCMSans10-Bold.otf},BoldSwashFeatures={SizeFeat
ures={{Size={0-},Font={NewCMSans10-Bold.otf}}}}].
(fontspec)              
(fontspec)              This font family consists of the following NFSS
(fontspec)             series/shapes:
(fontspec)              
(fontspec)             - 'normal' (m/n) with NFSS spec.:
(fontspec)             <-8>"[NewCMSans08-Book.otf]/OT:script=latn;language=dflt
;mapping=tex-text;"<8->"[NewCMSans10-Book.otf]/OT:script=latn;language=dflt;map
ping=tex-text;"
(fontspec)             - 'small caps'  (m/sc) with NFSS spec.:
(fontspec)             <-8>"[NewCMSans08-Book.otf]/OT:script=latn;language=dflt
;+smcp;mapping=tex-text;"<8->"[NewCMSans10-Book.otf]/OT:script=latn;language=df
lt;+smcp;mapping=tex-text;"
(fontspec)             - 'bold' (b/n) with NFSS spec.:
(fontspec)             <0->"[NewCMSans10-Bold.otf]/OT:script=latn;language=dflt
;mapping=tex-text;"
(fontspec)             - 'bold small caps'  (b/sc) with NFSS spec.:
(fontspec)             <0->"[NewCMSans10-Bold.otf]/OT:script=latn;language=dflt
;+smcp;mapping=tex-text;"
(fontspec)             - 'italic' (m/it) with NFSS spec.:
(fontspec)             <-8>"[NewCMSans08-BookOblique.otf]/OT:script=latn;langua
ge=dflt;mapping=tex-text;"<8->"[NewCMSans10-BookOblique.otf]/OT:script=latn;lan
guage=dflt;mapping=tex-text;"
(fontspec)             - 'italic small caps'  (m/scit) with NFSS spec.:
(fontspec)             <-8>"[NewCMSans08-BookOblique.otf]/OT:script=latn;langua
ge=dflt;+smcp;mapping=tex-text;"<8->"[NewCMSans10-BookOblique.otf]/OT:script=la
tn;language=dflt;+smcp;mapping=tex-text;"
(fontspec)             - 'slanted' (m/sl) with NFSS spec.:
(fontspec)             <-8>"[NewCMSans08-Book.otf]/OT:script=latn;language=dflt
;slant=0.25;mapping=tex-text;"<8->"[NewCMSans10-Book.otf]/OT:script=latn;langua
ge=dflt;slant=0.25;mapping=tex-text;"
(fontspec)             - 'slanted small caps'  (m/scsl) with NFSS spec.:
(fontspec)             <-8>"[NewCMSans08-Book.otf]/OT:script=latn;language=dflt
;slant=0.25;+smcp;mapping=tex-text;"<8->"[NewCMSans10-Book.otf]/OT:script=latn;
language=dflt;slant=0.25;+smcp;mapping=tex-text;"
(fontspec)             - 'swash' (m/sw) with NFSS spec.:
(fontspec)             <-8>"[NewCMSans08-Book.otf]/OT:script=latn;language=dflt
;mapping=tex-text;"<8->"[NewCMSans10-Book.otf]/OT:script=latn;language=dflt;map
ping=tex-text;"
(fontspec)             -  (m/scsw) with NFSS spec.:
(fontspec)             <-8>"[NewCMSans08-Book.otf]/OT:script=latn;language=dflt
;+smcp;mapping=tex-text;"<8->"[NewCMSans10-Book.otf]/OT:script=latn;language=df
lt;+smcp;mapping=tex-text;"
(fontspec)             - 'bold italic' (b/it) with NFSS spec.:
(fontspec)             <0->"[NewCMSans10-BoldOblique.otf]/OT:script=latn;langua
ge=dflt;mapping=tex-text;"
(fontspec)             - 'bold italic small caps'  (b/scit) with NFSS spec.:
(fontspec)             <0->"[NewCMSans10-BoldOblique.otf]/OT:script=latn;langua
ge=dflt;+smcp;mapping=tex-text;"
(fontspec)             - 'bold slanted' (b/sl) with NFSS spec.:
(fontspec)             <0->"[NewCMSans10-Bold.otf]/OT:script=latn;language=dflt
;slant=0.25;mapping=tex-text;"
(fontspec)             - 'bold slanted small caps'  (b/scsl) with NFSS spec.:
(fontspec)             <0->"[NewCMSans10-Bold.otf]/OT:script=latn;language=dflt
;slant=0.25;+smcp;mapping=tex-text;"
(fontspec)             - 'bold swash' (b/sw) with NFSS spec.:
(fontspec)             <0->"[NewCMSans10-Bold.otf]/OT:script=latn;language=dflt
;mapping=tex-text;"
(fontspec)             -  (b/scsw) with NFSS spec.:
(fontspec)             <0->"[NewCMSans10-Bold.otf]/OT:script=latn;language=dflt
;+smcp;mapping=tex-text;"


Package fontspec Info: 
(fontspec)             Font family 'NewCMSans10-Book.otf(1)' created for font
(fontspec)             'NewCMSans10-Book.otf' with options
(fontspec)             [UprightFont={NewCMSans10-Book.otf},UprightFeatures={Siz
eFeatures={{Size={-8},Font={NewCMSans08-Book.otf}},{Size={8-},Font={NewCMSans10
-Book.otf}}}},ItalicFont={NewCMSans10-BookOblique.otf},ItalicFeatures={SizeFeat
ures={{Size={-8},Font={NewCMSans08-BookOblique.otf}},{Size={8-},Font={NewCMSans
10-BookOblique.otf}}}},BoldFont={NewCMSans10-Bold.otf},BoldFeatures={SizeFeatur
es={{Size={0-},Font={NewCMSans10-Bold.otf}}}},BoldItalicFont={NewCMSans10-BoldO
blique.otf},BoldItalicFeatures={SizeFeatures={{Size={0-},Font={NewCMSans10-Bold
Oblique.otf}}}},SlantedFont={NewCMSans10-Book.otf},SlantedFeatures={SizeFeature
s={{Size={-8},FakeSlant={0.25},Font={NewCMSans08-Book.otf}},{Size={8-},FakeSlan
t={0.25},Font={NewCMSans10-Book.otf}}}},BoldSlantedFont={NewCMSans10-Bold.otf},
BoldSlantedFeatures={SizeFeatures={{Size={0-},FakeSlant={0.25},Font={NewCMSans1
0-Bold.otf}}}},SwashFont={NewCMSans10-Book.otf},SwashFeatures={SizeFeatures={{S
ize={-8},Font={NewCMSans08-Book.otf}},{Size={8-},Font={NewCMSans10-Book.otf}}}}
,BoldSwashFont={NewCMSans10-Bold.otf},BoldSwashFeatures={SizeFeatures={{Size={0
-},Font={NewCMSans10-Bold.otf}}}}].
(fontspec)              
(fontspec)              This font family consists of the following NFSS
(fontspec)             series/shapes:
(fontspec)              
(fontspec)             - 'normal' (m/n) with NFSS spec.:
(fontspec)             <-8>"[NewCMSans08-Book.otf]/OT:script=latn;language=dflt
;"<8->"[NewCMSans10-Book.otf]/OT:script=latn;language=dflt;"
(fontspec)             - 'small caps'  (m/sc) with NFSS spec.:
(fontspec)             <-8>"[NewCMSans08-Book.otf]/OT:script=latn;language=dflt
;+smcp;"<8->"[NewCMSans10-Book.otf]/OT:script=latn;language=dflt;+smcp;"
(fontspec)             - 'bold' (b/n) with NFSS spec.:
(fontspec)             <0->"[NewCMSans10-Bold.otf]/OT:script=latn;language=dflt
;"
(fontspec)             - 'bold small caps'  (b/sc) with NFSS spec.:
(fontspec)             <0->"[NewCMSans10-Bold.otf]/OT:script=latn;language=dflt
;+smcp;"
(fontspec)             - 'italic' (m/it) with NFSS spec.:
(fontspec)             <-8>"[NewCMSans08-BookOblique.otf]/OT:script=latn;langua
ge=dflt;"<8->"[NewCMSans10-BookOblique.otf]/OT:script=latn;language=dflt;"
(fontspec)             - 'italic small caps'  (m/scit) with NFSS spec.:
(fontspec)             <-8>"[NewCMSans08-BookOblique.otf]/OT:script=latn;langua
ge=dflt;+smcp;"<8->"[NewCMSans10-BookOblique.otf]/OT:script=latn;language=dflt;
+smcp;"
(fontspec)             - 'slanted' (m/sl) with NFSS spec.:
(fontspec)             <-8>"[NewCMSans08-Book.otf]/OT:script=latn;language=dflt
;slant=0.25;"<8->"[NewCMSans10-Book.otf]/OT:script=latn;language=dflt;slant=0.2
5;"
(fontspec)             - 'slanted small caps'  (m/scsl) with NFSS spec.:
(fontspec)             <-8>"[NewCMSans08-Book.otf]/OT:script=latn;language=dflt
;slant=0.25;+smcp;"<8->"[NewCMSans10-Book.otf]/OT:script=latn;language=dflt;sla
nt=0.25;+smcp;"
(fontspec)             - 'swash' (m/sw) with NFSS spec.:
(fontspec)             <-8>"[NewCMSans08-Book.otf]/OT:script=latn;language=dflt
;"<8->"[NewCMSans10-Book.otf]/OT:script=latn;language=dflt;"
(fontspec)             -  (m/scsw) with NFSS spec.:
(fontspec)             <-8>"[NewCMSans08-Book.otf]/OT:script=latn;language=dflt
;+smcp;"<8->"[NewCMSans10-Book.otf]/OT:script=latn;language=dflt;+smcp;"
(fontspec)             - 'bold italic' (b/it) with NFSS spec.:
(fontspec)             <0->"[NewCMSans10-BoldOblique.otf]/OT:script=latn;langua
ge=dflt;"
(fontspec)             - 'bold italic small caps'  (b/scit) with NFSS spec.:
(fontspec)             <0->"[NewCMSans10-BoldOblique.otf]/OT:script=latn;langua
ge=dflt;+smcp;"
(fontspec)             - 'bold slanted' (b/sl) with NFSS spec.:
(fontspec)             <0->"[NewCMSans10-Bold.otf]/OT:script=latn;language=dflt
;slant=0.25;"
(fontspec)             - 'bold slanted small caps'  (b/scsl) with NFSS spec.:
(fontspec)             <0->"[NewCMSans10-Bold.otf]/OT:script=latn;language=dflt
;slant=0.25;+smcp;"
(fontspec)             - 'bold swash' (b/sw) with NFSS spec.:
(fontspec)             <0->"[NewCMSans10-Bold.otf]/OT:script=latn;language=dflt
;"
(fontspec)             -  (b/scsw) with NFSS spec.:
(fontspec)             <0->"[NewCMSans10-Bold.otf]/OT:script=latn;language=dflt
;+smcp;"

LaTeX Font Info:    Overwriting math alphabet `\mathsf' in version `normal'
(Font)                  OT1/cmss/m/n --> TU/NewCMSans10-Book.otf(1)/m/n on inpu
t line 4.
LaTeX Font Info:    Overwriting math alphabet `\mathsf' in version `bold'
(Font)                  OT1/cmss/bx/n --> TU/NewCMSans10-Book.otf(1)/b/n on inp
ut line 4.

(d:\Programs\LaTeX\MikTeX\texmfs\install\tex/latex/newcomputermodern\NewCMMono1
0-Book.fontspec)

Package fontspec Info: 
(fontspec)             Font family 'NewCMMono10-Book.otf(0)' created for font
(fontspec)             'NewCMMono10-Book.otf' with options
(fontspec)             [WordSpace={1,0,0},HyphenChar=None,PunctuationSpace=Word
Space,UprightFont={NewCMMono10-Book.otf},UprightFeatures={SizeFeatures={{Size={
0-},Font={NewCMMono10-Book.otf}}}},ItalicFont={NewCMMono10-BookItalic.otf},Ital
icFeatures={SizeFeatures={{Size={0-},Font={NewCMMono10-BookItalic.otf}}}},BoldF
ont={NewCMMono10-Bold.otf},BoldFeatures={SizeFeatures={{Size={0-},Font={NewCMMo
no10-Bold.otf}}}},BoldItalicFont={NewCMMono10-BoldOblique.otf},BoldItalicFeatur
es={SizeFeatures={{Size={0-},Font={NewCMMono10-BoldOblique.otf}}}},SlantedFont=
{NewCMMono10-Book.otf},SlantedFeatures={SizeFeatures={{Size={0-},FakeSlant={0.2
5},Font={NewCMMono10-Book.otf}}}},BoldSlantedFont={NewCMMono10-Bold.otf},BoldSl
antedFeatures={SizeFeatures={{Size={0-},FakeSlant={0.25},Font={NewCMMono10-Bold
.otf}}}},SwashFont={NewCMMono10-Book.otf},SwashFeatures={SizeFeatures={{Size={0
-},Font={NewCMMono10-Book.otf}}}},BoldSwashFont={NewCMMono10-Bold.otf},BoldSwas
hFeatures={SizeFeatures={{Size={0-},Font={NewCMMono10-Bold.otf}}}}].
(fontspec)              
(fontspec)              This font family consists of the following NFSS
(fontspec)             series/shapes:
(fontspec)              
(fontspec)             - 'normal' (m/n) with NFSS spec.:
(fontspec)             <0->"[NewCMMono10-Book.otf]/OT:script=latn;language=dflt
;"
(fontspec)             - 'small caps'  (m/sc) with NFSS spec.:
(fontspec)             <0->"[NewCMMono10-Book.otf]/OT:script=latn;language=dflt
;+smcp;"
(fontspec)             and font adjustment code:
(fontspec)             \fontdimen 2\font =1\fontdimen 2\font \fontdimen 3\font
(fontspec)             =0\fontdimen 3\font \fontdimen 4\font =0\fontdimen
(fontspec)             4\font \fontdimen 7\font =0\fontdimen 2\font
(fontspec)             \tex_hyphenchar:D \font =-1\scan_stop: 
(fontspec)             - 'bold' (b/n) with NFSS spec.:
(fontspec)             <0->"[NewCMMono10-Bold.otf]/OT:script=latn;language=dflt
;"
(fontspec)             - 'bold small caps'  (b/sc) with NFSS spec.:
(fontspec)             <0->"[NewCMMono10-Bold.otf]/OT:script=latn;language=dflt
;+smcp;"
(fontspec)             and font adjustment code:
(fontspec)             \fontdimen 2\font =1\fontdimen 2\font \fontdimen 3\font
(fontspec)             =0\fontdimen 3\font \fontdimen 4\font =0\fontdimen
(fontspec)             4\font \fontdimen 7\font =0\fontdimen 2\font
(fontspec)             \tex_hyphenchar:D \font =-1\scan_stop: 
(fontspec)             - 'italic' (m/it) with NFSS spec.:
(fontspec)             <0->"[NewCMMono10-BookItalic.otf]/OT:script=latn;languag
e=dflt;"
(fontspec)             - 'italic small caps'  (m/scit) with NFSS spec.:
(fontspec)             <0->"[NewCMMono10-BookItalic.otf]/OT:script=latn;languag
e=dflt;+smcp;"
(fontspec)             and font adjustment code:
(fontspec)             \fontdimen 2\font =1\fontdimen 2\font \fontdimen 3\font
(fontspec)             =0\fontdimen 3\font \fontdimen 4\font =0\fontdimen
(fontspec)             4\font \fontdimen 7\font =0\fontdimen 2\font
(fontspec)             \tex_hyphenchar:D \font =-1\scan_stop: 
(fontspec)             - 'slanted' (m/sl) with NFSS spec.:
(fontspec)             <0->"[NewCMMono10-Book.otf]/OT:script=latn;language=dflt
;slant=0.25;"
(fontspec)             - 'slanted small caps'  (m/scsl) with NFSS spec.:
(fontspec)             <0->"[NewCMMono10-Book.otf]/OT:script=latn;language=dflt
;slant=0.25;+smcp;"
(fontspec)             and font adjustment code:
(fontspec)             \fontdimen 2\font =1\fontdimen 2\font \fontdimen 3\font
(fontspec)             =0\fontdimen 3\font \fontdimen 4\font =0\fontdimen
(fontspec)             4\font \fontdimen 7\font =0\fontdimen 2\font
(fontspec)             \tex_hyphenchar:D \font =-1\scan_stop: 
(fontspec)             - 'swash' (m/sw) with NFSS spec.:
(fontspec)             <0->"[NewCMMono10-Book.otf]/OT:script=latn;language=dflt
;"
(fontspec)             -  (m/scsw) with NFSS spec.:
(fontspec)             <0->"[NewCMMono10-Book.otf]/OT:script=latn;language=dflt
;+smcp;"
(fontspec)             and font adjustment code:
(fontspec)             \fontdimen 2\font =1\fontdimen 2\font \fontdimen 3\font
(fontspec)             =0\fontdimen 3\font \fontdimen 4\font =0\fontdimen
(fontspec)             4\font \fontdimen 7\font =0\fontdimen 2\font
(fontspec)             \tex_hyphenchar:D \font =-1\scan_stop: 
(fontspec)             - 'bold italic' (b/it) with NFSS spec.:
(fontspec)             <0->"[NewCMMono10-BoldOblique.otf]/OT:script=latn;langua
ge=dflt;"
(fontspec)             - 'bold italic small caps'  (b/scit) with NFSS spec.:
(fontspec)             <0->"[NewCMMono10-BoldOblique.otf]/OT:script=latn;langua
ge=dflt;+smcp;"
(fontspec)             and font adjustment code:
(fontspec)             \fontdimen 2\font =1\fontdimen 2\font \fontdimen 3\font
(fontspec)             =0\fontdimen 3\font \fontdimen 4\font =0\fontdimen
(fontspec)             4\font \fontdimen 7\font =0\fontdimen 2\font
(fontspec)             \tex_hyphenchar:D \font =-1\scan_stop: 
(fontspec)             - 'bold slanted' (b/sl) with NFSS spec.:
(fontspec)             <0->"[NewCMMono10-Bold.otf]/OT:script=latn;language=dflt
;slant=0.25;"
(fontspec)             - 'bold slanted small caps'  (b/scsl) with NFSS spec.:
(fontspec)             <0->"[NewCMMono10-Bold.otf]/OT:script=latn;language=dflt
;slant=0.25;+smcp;"
(fontspec)             and font adjustment code:
(fontspec)             \fontdimen 2\font =1\fontdimen 2\font \fontdimen 3\font
(fontspec)             =0\fontdimen 3\font \fontdimen 4\font =0\fontdimen
(fontspec)             4\font \fontdimen 7\font =0\fontdimen 2\font
(fontspec)             \tex_hyphenchar:D \font =-1\scan_stop: 
(fontspec)             - 'bold swash' (b/sw) with NFSS spec.:
(fontspec)             <0->"[NewCMMono10-Bold.otf]/OT:script=latn;language=dflt
;"
(fontspec)             -  (b/scsw) with NFSS spec.:
(fontspec)             <0->"[NewCMMono10-Bold.otf]/OT:script=latn;language=dflt
;+smcp;"
(fontspec)             and font adjustment code:
(fontspec)             \fontdimen 2\font =1\fontdimen 2\font \fontdimen 3\font
(fontspec)             =0\fontdimen 3\font \fontdimen 4\font =0\fontdimen
(fontspec)             4\font \fontdimen 7\font =0\fontdimen 2\font
(fontspec)             \tex_hyphenchar:D \font =-1\scan_stop: 


Package fontspec Info: 
(fontspec)             Font family 'NewCMMono10-Book.otf(1)' created for font
(fontspec)             'NewCMMono10-Book.otf' with options
(fontspec)             [UprightFont={NewCMMono10-Book.otf},UprightFeatures={Siz
eFeatures={{Size={0-},Font={NewCMMono10-Book.otf}}}},ItalicFont={NewCMMono10-Bo
okItalic.otf},ItalicFeatures={SizeFeatures={{Size={0-},Font={NewCMMono10-BookIt
alic.otf}}}},BoldFont={NewCMMono10-Bold.otf},BoldFeatures={SizeFeatures={{Size=
{0-},Font={NewCMMono10-Bold.otf}}}},BoldItalicFont={NewCMMono10-BoldOblique.otf
},BoldItalicFeatures={SizeFeatures={{Size={0-},Font={NewCMMono10-BoldOblique.ot
f}}}},SlantedFont={NewCMMono10-Book.otf},SlantedFeatures={SizeFeatures={{Size={
0-},FakeSlant={0.25},Font={NewCMMono10-Book.otf}}}},BoldSlantedFont={NewCMMono1
0-Bold.otf},BoldSlantedFeatures={SizeFeatures={{Size={0-},FakeSlant={0.25},Font
={NewCMMono10-Bold.otf}}}},SwashFont={NewCMMono10-Book.otf},SwashFeatures={Size
Features={{Size={0-},Font={NewCMMono10-Book.otf}}}},BoldSwashFont={NewCMMono10-
Bold.otf},BoldSwashFeatures={SizeFeatures={{Size={0-},Font={NewCMMono10-Bold.ot
f}}}}].
(fontspec)              
(fontspec)              This font family consists of the following NFSS
(fontspec)             series/shapes:
(fontspec)              
(fontspec)             - 'normal' (m/n) with NFSS spec.:
(fontspec)             <0->"[NewCMMono10-Book.otf]/OT:script=latn;language=dflt
;"
(fontspec)             - 'small caps'  (m/sc) with NFSS spec.:
(fontspec)             <0->"[NewCMMono10-Book.otf]/OT:script=latn;language=dflt
;+smcp;"
(fontspec)             - 'bold' (b/n) with NFSS spec.:
(fontspec)             <0->"[NewCMMono10-Bold.otf]/OT:script=latn;language=dflt
;"
(fontspec)             - 'bold small caps'  (b/sc) with NFSS spec.:
(fontspec)             <0->"[NewCMMono10-Bold.otf]/OT:script=latn;language=dflt
;+smcp;"
(fontspec)             - 'italic' (m/it) with NFSS spec.:
(fontspec)             <0->"[NewCMMono10-BookItalic.otf]/OT:script=latn;languag
e=dflt;"
(fontspec)             - 'italic small caps'  (m/scit) with NFSS spec.:
(fontspec)             <0->"[NewCMMono10-BookItalic.otf]/OT:script=latn;languag
e=dflt;+smcp;"
(fontspec)             - 'slanted' (m/sl) with NFSS spec.:
(fontspec)             <0->"[NewCMMono10-Book.otf]/OT:script=latn;language=dflt
;slant=0.25;"
(fontspec)             - 'slanted small caps'  (m/scsl) with NFSS spec.:
(fontspec)             <0->"[NewCMMono10-Book.otf]/OT:script=latn;language=dflt
;slant=0.25;+smcp;"
(fontspec)             - 'swash' (m/sw) with NFSS spec.:
(fontspec)             <0->"[NewCMMono10-Book.otf]/OT:script=latn;language=dflt
;"
(fontspec)             -  (m/scsw) with NFSS spec.:
(fontspec)             <0->"[NewCMMono10-Book.otf]/OT:script=latn;language=dflt
;+smcp;"
(fontspec)             - 'bold italic' (b/it) with NFSS spec.:
(fontspec)             <0->"[NewCMMono10-BoldOblique.otf]/OT:script=latn;langua
ge=dflt;"
(fontspec)             - 'bold italic small caps'  (b/scit) with NFSS spec.:
(fontspec)             <0->"[NewCMMono10-BoldOblique.otf]/OT:script=latn;langua
ge=dflt;+smcp;"
(fontspec)             - 'bold slanted' (b/sl) with NFSS spec.:
(fontspec)             <0->"[NewCMMono10-Bold.otf]/OT:script=latn;language=dflt
;slant=0.25;"
(fontspec)             - 'bold slanted small caps'  (b/scsl) with NFSS spec.:
(fontspec)             <0->"[NewCMMono10-Bold.otf]/OT:script=latn;language=dflt
;slant=0.25;+smcp;"
(fontspec)             - 'bold swash' (b/sw) with NFSS spec.:
(fontspec)             <0->"[NewCMMono10-Bold.otf]/OT:script=latn;language=dflt
;"
(fontspec)             -  (b/scsw) with NFSS spec.:
(fontspec)             <0->"[NewCMMono10-Bold.otf]/OT:script=latn;language=dflt
;+smcp;"

LaTeX Font Info:    Overwriting math alphabet `\mathtt' in version `normal'
(Font)                  OT1/cmtt/m/n --> TU/NewCMMono10-Book.otf(1)/m/n on inpu
t line 5.
LaTeX Font Info:    Overwriting math alphabet `\mathtt' in version `bold'
(Font)                  OT1/cmtt/m/n --> TU/NewCMMono10-Book.otf(1)/b/n on inpu
t line 5.

Package fontspec Info: 
(fontspec)             Font family 'NewCMUncial10-Book.otf(0)' created for
(fontspec)             font 'NewCMUncial10-Book.otf' with options
(fontspec)             [SizeFeatures={{Size=-8, Font=NewCMUncial08-Book.otf,
(fontspec)             BoldFont=NewCMUncial10-Bold.otf,SlantedFont=NewCMUncial0
8-Book.otf,BoldSlantedFont=NewCMUncial10-Bold.otf,},
(fontspec)             {Size=8, Font=NewCMUncial08-Book.otf,
(fontspec)             BoldFont=NewCMUncial08-Bold.otf,SlantedFont=NewCMUncial0
8-Book.otf,BoldSlantedFont=NewCMUncial10-Bold.otf,},
(fontspec)             {Size= 9-, Font = NewCMUncial10-Book.otf,
(fontspec)             BoldFont=NewCMUncial10-Bold.otf,SlantedFont=NewCMUncial1
0-Book.otf,BoldSlantedFont=NewCMUncial10-Bold.otf,}},BoldSlantedFont=NewCMUncia
l10-Bold.otf,SlantedFont=NewCMUncial10-Book.otf,BoldFont=NewCMUncial10-Bold.otf
,SlantedFeatures={FakeSlant=0.25},BoldSlantedFeatures={FakeSlant=0.25}].
(fontspec)              
(fontspec)              This font family consists of the following NFSS
(fontspec)             series/shapes:
(fontspec)              
(fontspec)             - 'normal' (m/n) with NFSS spec.:
(fontspec)             <-8>"[NewCMUncial08-Book.otf]/OT:script=latn;language=df
lt;"<8>"[NewCMUncial08-Book.otf]/OT:script=latn;language=dflt;"<9->"[NewCMUncia
l10-Book.otf]/OT:script=latn;language=dflt;"
(fontspec)             - 'bold' (b/n) with NFSS spec.:
(fontspec)             <->"[NewCMUncial10-Bold.otf]/OT:script=latn;language=dfl
t;"
(fontspec)             - 'slanted' (m/sl) with NFSS spec.:
(fontspec)             <->"[NewCMUncial10-Book.otf]/OT:script=latn;language=dfl
t;slant=0.25;"
(fontspec)             - 'bold slanted' (b/sl) with NFSS spec.:
(fontspec)             <->"[NewCMUncial10-Bold.otf]/OT:script=latn;language=dfl
t;slant=0.25;"


Package fontspec Info: 
(fontspec)             Font family 'NewCMMath-Book.otf(0)' created for font
(fontspec)             'NewCMMath-Book.otf' with options
(fontspec)             [BoldItalicFont={},ItalicFont={},SmallCapsFont={},Script
=Math].
(fontspec)              
(fontspec)              This font family consists of the following NFSS
(fontspec)             series/shapes:
(fontspec)              
(fontspec)             - 'normal' (m/n) with NFSS spec.:
(fontspec)             <->"[NewCMMath-Book.otf]/OT:script=math;language=dflt;"


Package fontspec Info: 
(fontspec)             Font family 'NewCMMath-Book.otf(1)' created for font
(fontspec)             'NewCMMath-Book.otf' with options
(fontspec)             [BoldItalicFont={},ItalicFont={},SmallCapsFont={},Script
=Math,SizeFeatures={{Size=10.2-},{Size=7.2-10.2,Font=NewCMMath-Book.otf,Style=M
athScript},{Size=-7.2,Font=NewCMMath-Book.otf,Style=MathScriptScript}}].
(fontspec)              
(fontspec)              This font family consists of the following NFSS
(fontspec)             series/shapes:
(fontspec)              
(fontspec)             - 'normal' (m/n) with NFSS spec.:
(fontspec)             <10.2->"[NewCMMath-Book.otf]/OT:script=math;language=dfl
t;"<7.2-10.2>"[NewCMMath-Book.otf]/OT:script=math;language=dflt;+ssty=0;"<-7.2>
"[NewCMMath-Book.otf]/OT:script=math;language=dflt;+ssty=1;"

LaTeX Font Info:    Encoding `OT1' has changed to `TU' for symbol font
(Font)              `operators' in the math version `normal' on input line 31.
LaTeX Font Info:    Overwriting symbol font `operators' in version `normal'
(Font)                  OT1/cmr/m/n --> TU/NewCMMath-Book.otf(1)/m/n on input l
ine 31.
LaTeX Font Info:    Encoding `OT1' has changed to `TU' for symbol font
(Font)              `operators' in the math version `bold' on input line 31.
LaTeX Font Info:    Overwriting symbol font `operators' in version `bold'
(Font)                  OT1/cmr/bx/n --> TU/NewCMMath-Book.otf(1)/b/n on input 
line 31.

Package fontspec Info: 
(fontspec)             NewCMMath-Book scale = 1.0001.


Package fontspec Info: 
(fontspec)             NewCMMath-Book scale = 1.0001.


Package fontspec Info: 
(fontspec)             NewCMMath-Book scale = 1.0001.


Package fontspec Info: 
(fontspec)             NewCMMath-Book scale = 1.0001.


Package fontspec Info: 
(fontspec)             Font family 'NewCMMath-Book.otf(2)' created for font
(fontspec)             'NewCMMath-Book.otf' with options
(fontspec)             [BoldItalicFont={},ItalicFont={},SmallCapsFont={},Script
=Math,SizeFeatures={{Size=10.2-},{Size=7.2-10.2,Font=NewCMMath-Book.otf,Style=M
athScript},{Size=-7.2,Font=NewCMMath-Book.otf,Style=MathScriptScript}},ScaleAga
in=1.0001,FontAdjustment={\fontdimen
(fontspec)             8\font =8.124pt\relax \fontdimen 9\font =4.728pt\relax
(fontspec)             \fontdimen 10\font =5.328pt\relax \fontdimen 11\font
(fontspec)             =8.232pt\relax \fontdimen 12\font =4.14pt\relax
(fontspec)             \fontdimen 13\font =4.356pt\relax \fontdimen 14\font
(fontspec)             =4.356pt\relax \fontdimen 15\font =3.468pt\relax
(fontspec)             \fontdimen 16\font =2.964pt\relax \fontdimen 17\font
(fontspec)             =2.964pt\relax \fontdimen 18\font =3.0pt\relax
(fontspec)             \fontdimen 19\font =2.4pt\relax \fontdimen 22\font
(fontspec)             =3.0pt\relax \fontdimen 20\font =0pt\relax \fontdimen
(fontspec)             21\font =0pt\relax }].
(fontspec)              
(fontspec)              This font family consists of the following NFSS
(fontspec)             series/shapes:
(fontspec)              
(fontspec)             - 'normal' (m/n) with NFSS spec.:
(fontspec)             <10.2->s*[1.0001]"[NewCMMath-Book.otf]/OT:script=math;la
nguage=dflt;"<7.2-10.2>s*[1.0001]"[NewCMMath-Book.otf]/OT:script=math;language=
dflt;+ssty=0;"<-7.2>s*[1.0001]"[NewCMMath-Book.otf]/OT:script=math;language=dfl
t;+ssty=1;"

LaTeX Font Info:    Encoding `OMS' has changed to `TU' for symbol font
(Font)              `symbols' in the math version `normal' on input line 31.
LaTeX Font Info:    Overwriting symbol font `symbols' in version `normal'
(Font)                  OMS/cmsy/m/n --> TU/NewCMMath-Book.otf(2)/m/n on input 
line 31.
LaTeX Font Info:    Encoding `OMS' has changed to `TU' for symbol font
(Font)              `symbols' in the math version `bold' on input line 31.
LaTeX Font Info:    Overwriting symbol font `symbols' in version `bold'
(Font)                  OMS/cmsy/b/n --> TU/NewCMMath-Book.otf(2)/b/n on input 
line 31.

Package fontspec Info: 
(fontspec)             NewCMMath-Book scale = 0.9999.


Package fontspec Info: 
(fontspec)             NewCMMath-Book scale = 0.9999.


Package fontspec Info: 
(fontspec)             NewCMMath-Book scale = 0.9999.


Package fontspec Info: 
(fontspec)             NewCMMath-Book scale = 0.9999.


Package fontspec Info: 
(fontspec)             Font family 'NewCMMath-Book.otf(3)' created for font
(fontspec)             'NewCMMath-Book.otf' with options
(fontspec)             [BoldItalicFont={},ItalicFont={},SmallCapsFont={},Script
=Math,SizeFeatures={{Size=10.2-},{Size=7.2-10.2,Font=NewCMMath-Book.otf,Style=M
athScript},{Size=-7.2,Font=NewCMMath-Book.otf,Style=MathScriptScript}},ScaleAga
in=0.9999,FontAdjustment={\fontdimen
(fontspec)             8\font =0.576pt\relax \fontdimen 9\font =2.4pt\relax
(fontspec)             \fontdimen 10\font =2.004pt\relax \fontdimen 11\font
(fontspec)             =1.332pt\relax \fontdimen 12\font =7.2pt\relax
(fontspec)             \fontdimen 13\font =0pt\relax }].
(fontspec)              
(fontspec)              This font family consists of the following NFSS
(fontspec)             series/shapes:
(fontspec)              
(fontspec)             - 'normal' (m/n) with NFSS spec.:
(fontspec)             <10.2->s*[0.9999]"[NewCMMath-Book.otf]/OT:script=math;la
nguage=dflt;"<7.2-10.2>s*[0.9999]"[NewCMMath-Book.otf]/OT:script=math;language=
dflt;+ssty=0;"<-7.2>s*[0.9999]"[NewCMMath-Book.otf]/OT:script=math;language=dfl
t;+ssty=1;"

LaTeX Font Info:    Encoding `OMX' has changed to `TU' for symbol font
(Font)              `largesymbols' in the math version `normal' on input line 3
1.
LaTeX Font Info:    Overwriting symbol font `largesymbols' in version `normal'
(Font)                  OMX/cmex/m/n --> TU/NewCMMath-Book.otf(3)/m/n on input 
line 31.
LaTeX Font Info:    Encoding `OMX' has changed to `TU' for symbol font
(Font)              `largesymbols' in the math version `bold' on input line 31.

LaTeX Font Info:    Overwriting symbol font `largesymbols' in version `bold'
(Font)                  OMX/cmex/m/n --> TU/NewCMMath-Book.otf(3)/b/n on input 
line 31.
LaTeX Font Info:    Redeclaring math version `bold' on input line 31.

Package fontspec Info: 
(fontspec)             Font family 'NewCMMath-Bold.otf(0)' created for font
(fontspec)             'NewCMMath-Bold.otf' with options
(fontspec)             [BoldItalicFont={},ItalicFont={},SmallCapsFont={},Script
=Math].
(fontspec)              
(fontspec)              This font family consists of the following NFSS
(fontspec)             series/shapes:
(fontspec)              
(fontspec)             - 'normal' (m/n) with NFSS spec.:
(fontspec)             <->"[NewCMMath-Bold.otf]/OT:script=math;language=dflt;"


Package fontspec Info: 
(fontspec)             Font family 'NewCMMath-Bold.otf(1)' created for font
(fontspec)             'NewCMMath-Bold.otf' with options
(fontspec)             [BoldItalicFont={},ItalicFont={},SmallCapsFont={},Script
=Math,SizeFeatures={{Size=10.2-},{Size=7.2-10.2,Font=NewCMMath-Bold.otf,Style=M
athScript},{Size=-7.2,Font=NewCMMath-Bold.otf,Style=MathScriptScript}}].
(fontspec)              
(fontspec)              This font family consists of the following NFSS
(fontspec)             series/shapes:
(fontspec)              
(fontspec)             - 'normal' (m/n) with NFSS spec.:
(fontspec)             <10.2->"[NewCMMath-Bold.otf]/OT:script=math;language=dfl
t;"<7.2-10.2>"[NewCMMath-Bold.otf]/OT:script=math;language=dflt;+ssty=0;"<-7.2>
"[NewCMMath-Bold.otf]/OT:script=math;language=dflt;+ssty=1;"

LaTeX Font Info:    Encoding `OT1' has changed to `TU' for symbol font
(Font)              `operators' in the math version `bold' on input line 31.
LaTeX Font Info:    Overwriting symbol font `operators' in version `bold'
(Font)                  OT1/cmr/m/n --> TU/NewCMMath-Bold.otf(1)/m/n on input l
ine 31.

Package fontspec Info: 
(fontspec)             NewCMMath-Bold scale = 1.0001.


Package fontspec Info: 
(fontspec)             NewCMMath-Bold scale = 1.0001.


Package fontspec Info: 
(fontspec)             NewCMMath-Bold scale = 1.0001.


Package fontspec Info: 
(fontspec)             NewCMMath-Bold scale = 1.0001.


Package fontspec Info: 
(fontspec)             Font family 'NewCMMath-Bold.otf(2)' created for font
(fontspec)             'NewCMMath-Bold.otf' with options
(fontspec)             [BoldItalicFont={},ItalicFont={},SmallCapsFont={},Script
=Math,SizeFeatures={{Size=10.2-},{Size=7.2-10.2,Font=NewCMMath-Bold.otf,Style=M
athScript},{Size=-7.2,Font=NewCMMath-Bold.otf,Style=MathScriptScript}},ScaleAga
in=1.0001,FontAdjustment={\fontdimen
(fontspec)             8\font =8.124pt\relax \fontdimen 9\font =4.728pt\relax
(fontspec)             \fontdimen 10\font =5.328pt\relax \fontdimen 11\font
(fontspec)             =8.232pt\relax \fontdimen 12\font =4.14pt\relax
(fontspec)             \fontdimen 13\font =4.356pt\relax \fontdimen 14\font
(fontspec)             =4.356pt\relax \fontdimen 15\font =3.468pt\relax
(fontspec)             \fontdimen 16\font =2.964pt\relax \fontdimen 17\font
(fontspec)             =2.964pt\relax \fontdimen 18\font =3.0pt\relax
(fontspec)             \fontdimen 19\font =2.4pt\relax \fontdimen 22\font
(fontspec)             =3.0pt\relax \fontdimen 20\font =0pt\relax \fontdimen
(fontspec)             21\font =0pt\relax }].
(fontspec)              
(fontspec)              This font family consists of the following NFSS
(fontspec)             series/shapes:
(fontspec)              
(fontspec)             - 'normal' (m/n) with NFSS spec.:
(fontspec)             <10.2->s*[1.0001]"[NewCMMath-Bold.otf]/OT:script=math;la
nguage=dflt;"<7.2-10.2>s*[1.0001]"[NewCMMath-Bold.otf]/OT:script=math;language=
dflt;+ssty=0;"<-7.2>s*[1.0001]"[NewCMMath-Bold.otf]/OT:script=math;language=dfl
t;+ssty=1;"

LaTeX Font Info:    Encoding `OMS' has changed to `TU' for symbol font
(Font)              `symbols' in the math version `bold' on input line 31.
LaTeX Font Info:    Overwriting symbol font `symbols' in version `bold'
(Font)                  OMS/cmsy/m/n --> TU/NewCMMath-Bold.otf(2)/m/n on input 
line 31.

Package fontspec Info: 
(fontspec)             NewCMMath-Bold scale = 0.9999.


Package fontspec Info: 
(fontspec)             NewCMMath-Bold scale = 0.9999.


Package fontspec Info: 
(fontspec)             NewCMMath-Bold scale = 0.9999.


Package fontspec Info: 
(fontspec)             NewCMMath-Bold scale = 0.9999.


Package fontspec Info: 
(fontspec)             Font family 'NewCMMath-Bold.otf(3)' created for font
(fontspec)             'NewCMMath-Bold.otf' with options
(fontspec)             [BoldItalicFont={},ItalicFont={},SmallCapsFont={},Script
=Math,SizeFeatures={{Size=10.2-},{Size=7.2-10.2,Font=NewCMMath-Bold.otf,Style=M
athScript},{Size=-7.2,Font=NewCMMath-Bold.otf,Style=MathScriptScript}},ScaleAga
in=0.9999,FontAdjustment={\fontdimen
(fontspec)             8\font =0.48pt\relax \fontdimen 9\font =2.4pt\relax
(fontspec)             \fontdimen 10\font =2.004pt\relax \fontdimen 11\font
(fontspec)             =1.332pt\relax \fontdimen 12\font =7.2pt\relax
(fontspec)             \fontdimen 13\font =0pt\relax }].
(fontspec)              
(fontspec)              This font family consists of the following NFSS
(fontspec)             series/shapes:
(fontspec)              
(fontspec)             - 'normal' (m/n) with NFSS spec.:
(fontspec)             <10.2->s*[0.9999]"[NewCMMath-Bold.otf]/OT:script=math;la
nguage=dflt;"<7.2-10.2>s*[0.9999]"[NewCMMath-Bold.otf]/OT:script=math;language=
dflt;+ssty=0;"<-7.2>s*[0.9999]"[NewCMMath-Bold.otf]/OT:script=math;language=dfl
t;+ssty=1;"

LaTeX Font Info:    Encoding `OMX' has changed to `TU' for symbol font
(Font)              `largesymbols' in the math version `bold' on input line 31.

LaTeX Font Info:    Overwriting symbol font `largesymbols' in version `bold'
(Font)                  OMX/cmex/m/n --> TU/NewCMMath-Bold.otf(3)/m/n on input 
line 31.

Package fontspec Info: 
(fontspec)             Font family 'NewCMMath-Book.otf(4)' created for font
(fontspec)             'NewCMMath-Book.otf' with options
(fontspec)             [BoldItalicFont={},ItalicFont={},SmallCapsFont={},Script
=Math,SizeFeatures={{Size=10.2-},{Size=7.2-10.2,Font=NewCMMath-Book.otf,Style=M
athScript},{Size=-7.2,Font=NewCMMath-Book.otf,Style=MathScriptScript}},Stylisti
cSet={6}].
(fontspec)              
(fontspec)              This font family consists of the following NFSS
(fontspec)             series/shapes:
(fontspec)              
(fontspec)             - 'normal' (m/n) with NFSS spec.:
(fontspec)             <10.2->"[NewCMMath-Book.otf]/OT:script=math;language=dfl
t;+ss06;"<7.2-10.2>"[NewCMMath-Book.otf]/OT:script=math;language=dflt;+ss06;+ss
ty=0;"<-7.2>"[NewCMMath-Book.otf]/OT:script=math;language=dflt;+ss06;+ssty=1;"

\sym__um_fam1=\mathgroup4
LaTeX Font Info:    Overwriting symbol font `__um_fam1' in version `normal'
(Font)                  TU/NewCMMath-Book.otf(4)/m/n --> TU/NewCMMath-Book.otf(
4)/m/n on input line 37.
LaTeX Font Info:    Overwriting symbol font `__um_fam1' in version `bold'
(Font)                  TU/NewCMMath-Book.otf(4)/m/n --> TU/NewCMMath-Book.otf(
4)/b/n on input line 37.

Package fontspec Info: 
(fontspec)             Font family 'NewCMMath-Book.otf(5)' created for font
(fontspec)             'NewCMMath-Book.otf' with options
(fontspec)             [BoldItalicFont={},ItalicFont={},SmallCapsFont={},Script
=Math,SizeFeatures={{Size=10.2-},{Size=7.2-10.2,Font=NewCMMath-Book.otf,Style=M
athScript},{Size=-7.2,Font=NewCMMath-Book.otf,Style=MathScriptScript}},Stylisti
cSet={1}].
(fontspec)              
(fontspec)              This font family consists of the following NFSS
(fontspec)             series/shapes:
(fontspec)              
(fontspec)             - 'normal' (m/n) with NFSS spec.:
(fontspec)             <10.2->"[NewCMMath-Book.otf]/OT:script=math;language=dfl
t;+ss01;"<7.2-10.2>"[NewCMMath-Book.otf]/OT:script=math;language=dflt;+ss01;+ss
ty=0;"<-7.2>"[NewCMMath-Book.otf]/OT:script=math;language=dflt;+ss01;+ssty=1;"

\sym__um_fam2=\mathgroup5
LaTeX Font Info:    Overwriting symbol font `__um_fam2' in version `normal'
(Font)                  TU/NewCMMath-Book.otf(5)/m/n --> TU/NewCMMath-Book.otf(
5)/m/n on input line 46.
LaTeX Font Info:    Overwriting symbol font `__um_fam2' in version `bold'
(Font)                  TU/NewCMMath-Book.otf(5)/m/n --> TU/NewCMMath-Book.otf(
5)/b/n on input line 46.
LaTeX Info: Redefining \increasingconvex on input line 360.
)

Package fontspec Info: 
(fontspec)             Font family 'NewCMMath-Book.otf(6)' created for font
(fontspec)             'NewCMMath-Book.otf' with options
(fontspec)             [BoldItalicFont={},ItalicFont={},SmallCapsFont={},Script
=Math,CharacterVariant={2}].
(fontspec)              
(fontspec)              This font family consists of the following NFSS
(fontspec)             series/shapes:
(fontspec)              
(fontspec)             - 'normal' (m/n) with NFSS spec.:
(fontspec)             <->"[NewCMMath-Book.otf]/OT:script=math;language=dflt;+c
v02=0;"


Package fontspec Info: 
(fontspec)             Font family 'NewCMMath-Book.otf(7)' created for font
(fontspec)             'NewCMMath-Book.otf' with options
(fontspec)             [BoldItalicFont={},ItalicFont={},SmallCapsFont={},Script
=Math,SizeFeatures={{Size=10.2-},{Size=7.2-10.2,Font=NewCMMath-Book.otf,Style=M
athScript},{Size=-7.2,Font=NewCMMath-Book.otf,Style=MathScriptScript}},Characte
rVariant={2}].
(fontspec)              
(fontspec)              This font family consists of the following NFSS
(fontspec)             series/shapes:
(fontspec)              
(fontspec)             - 'normal' (m/n) with NFSS spec.:
(fontspec)             <10.2->"[NewCMMath-Book.otf]/OT:script=math;language=dfl
t;+cv02=0;"<7.2-10.2>"[NewCMMath-Book.otf]/OT:script=math;language=dflt;+cv02=0
;+ssty=0;"<-7.2>"[NewCMMath-Book.otf]/OT:script=math;language=dflt;+cv02=0;+sst
y=1;"

LaTeX Font Info:    Overwriting symbol font `operators' in version `normal'
(Font)                  TU/NewCMMath-Book.otf(1)/m/n --> TU/NewCMMath-Book.otf(
7)/m/n on input line 213.
LaTeX Font Info:    Overwriting symbol font `operators' in version `bold'
(Font)                  TU/NewCMMath-Bold.otf(1)/m/n --> TU/NewCMMath-Book.otf(
7)/b/n on input line 213.

Package fontspec Info: 
(fontspec)             NewCMMath-Book scale = 1.0001.


Package fontspec Info: 
(fontspec)             NewCMMath-Book scale = 1.0001.


Package fontspec Info: 
(fontspec)             NewCMMath-Book scale = 1.0001.


Package fontspec Info: 
(fontspec)             NewCMMath-Book scale = 1.0001.


Package fontspec Info: 
(fontspec)             Font family 'NewCMMath-Book.otf(8)' created for font
(fontspec)             'NewCMMath-Book.otf' with options
(fontspec)             [BoldItalicFont={},ItalicFont={},SmallCapsFont={},Script
=Math,SizeFeatures={{Size=10.2-},{Size=7.2-10.2,Font=NewCMMath-Book.otf,Style=M
athScript},{Size=-7.2,Font=NewCMMath-Book.otf,Style=MathScriptScript}},Characte
rVariant={2},ScaleAgain=1.0001,FontAdjustment={\fontdimen
(fontspec)             8\font =8.124pt\relax \fontdimen 9\font =4.728pt\relax
(fontspec)             \fontdimen 10\font =5.328pt\relax \fontdimen 11\font
(fontspec)             =8.232pt\relax \fontdimen 12\font =4.14pt\relax
(fontspec)             \fontdimen 13\font =4.356pt\relax \fontdimen 14\font
(fontspec)             =4.356pt\relax \fontdimen 15\font =3.468pt\relax
(fontspec)             \fontdimen 16\font =2.964pt\relax \fontdimen 17\font
(fontspec)             =2.964pt\relax \fontdimen 18\font =3.0pt\relax
(fontspec)             \fontdimen 19\font =2.4pt\relax \fontdimen 22\font
(fontspec)             =3.0pt\relax \fontdimen 20\font =0pt\relax \fontdimen
(fontspec)             21\font =0pt\relax }].
(fontspec)              
(fontspec)              This font family consists of the following NFSS
(fontspec)             series/shapes:
(fontspec)              
(fontspec)             - 'normal' (m/n) with NFSS spec.:
(fontspec)             <10.2->s*[1.0001]"[NewCMMath-Book.otf]/OT:script=math;la
nguage=dflt;+cv02=0;"<7.2-10.2>s*[1.0001]"[NewCMMath-Book.otf]/OT:script=math;l
anguage=dflt;+cv02=0;+ssty=0;"<-7.2>s*[1.0001]"[NewCMMath-Book.otf]/OT:script=m
ath;language=dflt;+cv02=0;+ssty=1;"

LaTeX Font Info:    Overwriting symbol font `symbols' in version `normal'
(Font)                  TU/NewCMMath-Book.otf(2)/m/n --> TU/NewCMMath-Book.otf(
8)/m/n on input line 213.
LaTeX Font Info:    Overwriting symbol font `symbols' in version `bold'
(Font)                  TU/NewCMMath-Bold.otf(2)/m/n --> TU/NewCMMath-Book.otf(
8)/b/n on input line 213.

Package fontspec Info: 
(fontspec)             NewCMMath-Book scale = 0.9999.


Package fontspec Info: 
(fontspec)             NewCMMath-Book scale = 0.9999.


Package fontspec Info: 
(fontspec)             NewCMMath-Book scale = 0.9999.


Package fontspec Info: 
(fontspec)             NewCMMath-Book scale = 0.9999.


Package fontspec Info: 
(fontspec)             Font family 'NewCMMath-Book.otf(9)' created for font
(fontspec)             'NewCMMath-Book.otf' with options
(fontspec)             [BoldItalicFont={},ItalicFont={},SmallCapsFont={},Script
=Math,SizeFeatures={{Size=10.2-},{Size=7.2-10.2,Font=NewCMMath-Book.otf,Style=M
athScript},{Size=-7.2,Font=NewCMMath-Book.otf,Style=MathScriptScript}},Characte
rVariant={2},ScaleAgain=0.9999,FontAdjustment={\fontdimen
(fontspec)             8\font =0.576pt\relax \fontdimen 9\font =2.4pt\relax
(fontspec)             \fontdimen 10\font =2.004pt\relax \fontdimen 11\font
(fontspec)             =1.332pt\relax \fontdimen 12\font =7.2pt\relax
(fontspec)             \fontdimen 13\font =0pt\relax }].
(fontspec)              
(fontspec)              This font family consists of the following NFSS
(fontspec)             series/shapes:
(fontspec)              
(fontspec)             - 'normal' (m/n) with NFSS spec.:
(fontspec)             <10.2->s*[0.9999]"[NewCMMath-Book.otf]/OT:script=math;la
nguage=dflt;+cv02=0;"<7.2-10.2>s*[0.9999]"[NewCMMath-Book.otf]/OT:script=math;l
anguage=dflt;+cv02=0;+ssty=0;"<-7.2>s*[0.9999]"[NewCMMath-Book.otf]/OT:script=m
ath;language=dflt;+cv02=0;+ssty=1;"

LaTeX Font Info:    Overwriting symbol font `largesymbols' in version `normal'
(Font)                  TU/NewCMMath-Book.otf(3)/m/n --> TU/NewCMMath-Book.otf(
9)/m/n on input line 213.
LaTeX Font Info:    Overwriting symbol font `largesymbols' in version `bold'
(Font)                  TU/NewCMMath-Bold.otf(3)/m/n --> TU/NewCMMath-Book.otf(
9)/b/n on input line 213.
LaTeX Font Info:    Redeclaring math version `bold' on input line 213.

Package fontspec Info: 
(fontspec)             Font family 'NewCMMath-Bold.otf(4)' created for font
(fontspec)             'NewCMMath-Bold.otf' with options
(fontspec)             [BoldItalicFont={},ItalicFont={},SmallCapsFont={},Script
=Math,CharacterVariant={2}].
(fontspec)              
(fontspec)              This font family consists of the following NFSS
(fontspec)             series/shapes:
(fontspec)              
(fontspec)             - 'normal' (m/n) with NFSS spec.:
(fontspec)             <->"[NewCMMath-Bold.otf]/OT:script=math;language=dflt;+c
v02=0;"


Package fontspec Info: 
(fontspec)             Font family 'NewCMMath-Bold.otf(5)' created for font
(fontspec)             'NewCMMath-Bold.otf' with options
(fontspec)             [BoldItalicFont={},ItalicFont={},SmallCapsFont={},Script
=Math,SizeFeatures={{Size=10.2-},{Size=7.2-10.2,Font=NewCMMath-Bold.otf,Style=M
athScript},{Size=-7.2,Font=NewCMMath-Bold.otf,Style=MathScriptScript}},Characte
rVariant={2}].
(fontspec)              
(fontspec)              This font family consists of the following NFSS
(fontspec)             series/shapes:
(fontspec)              
(fontspec)             - 'normal' (m/n) with NFSS spec.:
(fontspec)             <10.2->"[NewCMMath-Bold.otf]/OT:script=math;language=dfl
t;+cv02=0;"<7.2-10.2>"[NewCMMath-Bold.otf]/OT:script=math;language=dflt;+cv02=0
;+ssty=0;"<-7.2>"[NewCMMath-Bold.otf]/OT:script=math;language=dflt;+cv02=0;+sst
y=1;"

LaTeX Font Info:    Encoding `OT1' has changed to `TU' for symbol font
(Font)              `operators' in the math version `bold' on input line 213.
LaTeX Font Info:    Overwriting symbol font `operators' in version `bold'
(Font)                  OT1/cmr/m/n --> TU/NewCMMath-Bold.otf(5)/m/n on input l
ine 213.

Package fontspec Info: 
(fontspec)             NewCMMath-Bold scale = 1.0001.


Package fontspec Info: 
(fontspec)             NewCMMath-Bold scale = 1.0001.


Package fontspec Info: 
(fontspec)             NewCMMath-Bold scale = 1.0001.


Package fontspec Info: 
(fontspec)             NewCMMath-Bold scale = 1.0001.


Package fontspec Info: 
(fontspec)             Font family 'NewCMMath-Bold.otf(6)' created for font
(fontspec)             'NewCMMath-Bold.otf' with options
(fontspec)             [BoldItalicFont={},ItalicFont={},SmallCapsFont={},Script
=Math,SizeFeatures={{Size=10.2-},{Size=7.2-10.2,Font=NewCMMath-Bold.otf,Style=M
athScript},{Size=-7.2,Font=NewCMMath-Bold.otf,Style=MathScriptScript}},Characte
rVariant={2},ScaleAgain=1.0001,FontAdjustment={\fontdimen
(fontspec)             8\font =8.124pt\relax \fontdimen 9\font =4.728pt\relax
(fontspec)             \fontdimen 10\font =5.328pt\relax \fontdimen 11\font
(fontspec)             =8.232pt\relax \fontdimen 12\font =4.14pt\relax
(fontspec)             \fontdimen 13\font =4.356pt\relax \fontdimen 14\font
(fontspec)             =4.356pt\relax \fontdimen 15\font =3.468pt\relax
(fontspec)             \fontdimen 16\font =2.964pt\relax \fontdimen 17\font
(fontspec)             =2.964pt\relax \fontdimen 18\font =3.0pt\relax
(fontspec)             \fontdimen 19\font =2.4pt\relax \fontdimen 22\font
(fontspec)             =3.0pt\relax \fontdimen 20\font =0pt\relax \fontdimen
(fontspec)             21\font =0pt\relax }].
(fontspec)              
(fontspec)              This font family consists of the following NFSS
(fontspec)             series/shapes:
(fontspec)              
(fontspec)             - 'normal' (m/n) with NFSS spec.:
(fontspec)             <10.2->s*[1.0001]"[NewCMMath-Bold.otf]/OT:script=math;la
nguage=dflt;+cv02=0;"<7.2-10.2>s*[1.0001]"[NewCMMath-Bold.otf]/OT:script=math;l
anguage=dflt;+cv02=0;+ssty=0;"<-7.2>s*[1.0001]"[NewCMMath-Bold.otf]/OT:script=m
ath;language=dflt;+cv02=0;+ssty=1;"

LaTeX Font Info:    Encoding `OMS' has changed to `TU' for symbol font
(Font)              `symbols' in the math version `bold' on input line 213.
LaTeX Font Info:    Overwriting symbol font `symbols' in version `bold'
(Font)                  OMS/cmsy/m/n --> TU/NewCMMath-Bold.otf(6)/m/n on input 
line 213.

Package fontspec Info: 
(fontspec)             NewCMMath-Bold scale = 0.9999.


Package fontspec Info: 
(fontspec)             NewCMMath-Bold scale = 0.9999.


Package fontspec Info: 
(fontspec)             NewCMMath-Bold scale = 0.9999.


Package fontspec Info: 
(fontspec)             NewCMMath-Bold scale = 0.9999.


Package fontspec Info: 
(fontspec)             Font family 'NewCMMath-Bold.otf(7)' created for font
(fontspec)             'NewCMMath-Bold.otf' with options
(fontspec)             [BoldItalicFont={},ItalicFont={},SmallCapsFont={},Script
=Math,SizeFeatures={{Size=10.2-},{Size=7.2-10.2,Font=NewCMMath-Bold.otf,Style=M
athScript},{Size=-7.2,Font=NewCMMath-Bold.otf,Style=MathScriptScript}},Characte
rVariant={2},ScaleAgain=0.9999,FontAdjustment={\fontdimen
(fontspec)             8\font =0.48pt\relax \fontdimen 9\font =2.4pt\relax
(fontspec)             \fontdimen 10\font =2.004pt\relax \fontdimen 11\font
(fontspec)             =1.332pt\relax \fontdimen 12\font =7.2pt\relax
(fontspec)             \fontdimen 13\font =0pt\relax }].
(fontspec)              
(fontspec)              This font family consists of the following NFSS
(fontspec)             series/shapes:
(fontspec)              
(fontspec)             - 'normal' (m/n) with NFSS spec.:
(fontspec)             <10.2->s*[0.9999]"[NewCMMath-Bold.otf]/OT:script=math;la
nguage=dflt;+cv02=0;"<7.2-10.2>s*[0.9999]"[NewCMMath-Bold.otf]/OT:script=math;l
anguage=dflt;+cv02=0;+ssty=0;"<-7.2>s*[0.9999]"[NewCMMath-Bold.otf]/OT:script=m
ath;language=dflt;+cv02=0;+ssty=1;"

LaTeX Font Info:    Encoding `OMX' has changed to `TU' for symbol font
(Font)              `largesymbols' in the math version `bold' on input line 213
.
LaTeX Font Info:    Overwriting symbol font `largesymbols' in version `bold'
(Font)                  OMX/cmex/m/n --> TU/NewCMMath-Bold.otf(7)/m/n on input 
line 213.

Package fontspec Info: 
(fontspec)             Font family 'NewCMMath-Book.otf(10)' created for font
(fontspec)             'NewCMMath-Book.otf' with options
(fontspec)             [BoldItalicFont={},ItalicFont={},SmallCapsFont={},Script
=Math,SizeFeatures={{Size=10.2-},{Size=7.2-10.2,Font=NewCMMath-Book.otf,Style=M
athScript},{Size=-7.2,Font=NewCMMath-Book.otf,Style=MathScriptScript}},Stylisti
cSet={1},CharacterVariant={2}].
(fontspec)              
(fontspec)              This font family consists of the following NFSS
(fontspec)             series/shapes:
(fontspec)              
(fontspec)             - 'normal' (m/n) with NFSS spec.:
(fontspec)             <10.2->"[NewCMMath-Book.otf]/OT:script=math;language=dfl
t;+ss01;+cv02=0;"<7.2-10.2>"[NewCMMath-Book.otf]/OT:script=math;language=dflt;+
ss01;+cv02=0;+ssty=0;"<-7.2>"[NewCMMath-Book.otf]/OT:script=math;language=dflt;
+ss01;+cv02=0;+ssty=1;"

\sym__um_fam3=\mathgroup6
LaTeX Font Info:    Overwriting symbol font `__um_fam3' in version `normal'
(Font)                  TU/NewCMMath-Book.otf(10)/m/n --> TU/NewCMMath-Book.otf
(10)/m/n on input line 213.
LaTeX Font Info:    Overwriting symbol font `__um_fam3' in version `bold'
(Font)                  TU/NewCMMath-Book.otf(10)/m/n --> TU/NewCMMath-Book.otf
(10)/b/n on input line 213.
)

Package fontspec Info: 
(fontspec)             Font family 'Arial(0)' created for font 'Arial' with
(fontspec)             options [Ligatures=TeX].
(fontspec)              
(fontspec)              This font family consists of the following NFSS
(fontspec)             series/shapes:
(fontspec)              
(fontspec)             - 'normal' (m/n) with NFSS spec.:
(fontspec)             <->"Arial/OT:script=latn;language=dflt;mapping=tex-text;
"
(fontspec)             - 'small caps'  (m/sc) with NFSS spec.:
(fontspec)             <->"Arial/OT:script=latn;language=dflt;+smcp;mapping=tex
-text;"
(fontspec)             - 'bold' (b/n) with NFSS spec.:
(fontspec)             <->"Arial/B/OT:script=latn;language=dflt;mapping=tex-tex
t;"
(fontspec)             - 'bold small caps'  (b/sc) with NFSS spec.:
(fontspec)             <->"Arial/B/OT:script=latn;language=dflt;+smcp;mapping=t
ex-text;"
(fontspec)             - 'italic' (m/it) with NFSS spec.:
(fontspec)             <->"Arial/I/OT:script=latn;language=dflt;mapping=tex-tex
t;"
(fontspec)             - 'italic small caps'  (m/scit) with NFSS spec.:
(fontspec)             <->"Arial/I/OT:script=latn;language=dflt;+smcp;mapping=t
ex-text;"
(fontspec)             - 'bold italic' (b/it) with NFSS spec.:
(fontspec)             <->"Arial/BI/OT:script=latn;language=dflt;mapping=tex-te
xt;"
(fontspec)             - 'bold italic small caps'  (b/scit) with NFSS spec.:
(fontspec)             <->"Arial/BI/OT:script=latn;language=dflt;+smcp;mapping=
tex-text;"


Package fontspec Info: 
(fontspec)             Font family 'Calibri(0)' created for font 'Calibri'
(fontspec)             with options [Ligatures=TeX].
(fontspec)              
(fontspec)              This font family consists of the following NFSS
(fontspec)             series/shapes:
(fontspec)              
(fontspec)             - 'normal' (m/n) with NFSS spec.:
(fontspec)             <->"Calibri/OT:script=latn;language=dflt;mapping=tex-tex
t;"
(fontspec)             - 'small caps'  (m/sc) with NFSS spec.:
(fontspec)             <->"Calibri/OT:script=latn;language=dflt;+smcp;mapping=t
ex-text;"
(fontspec)             - 'bold' (b/n) with NFSS spec.:
(fontspec)             <->"Calibri/B/OT:script=latn;language=dflt;mapping=tex-t
ext;"
(fontspec)             - 'bold small caps'  (b/sc) with NFSS spec.:
(fontspec)             <->"Calibri/B/OT:script=latn;language=dflt;+smcp;mapping
=tex-text;"
(fontspec)             - 'italic' (m/it) with NFSS spec.:
(fontspec)             <->"Calibri/I/OT:script=latn;language=dflt;mapping=tex-t
ext;"
(fontspec)             - 'italic small caps'  (m/scit) with NFSS spec.:
(fontspec)             <->"Calibri/I/OT:script=latn;language=dflt;+smcp;mapping
=tex-text;"
(fontspec)             - 'bold italic' (b/it) with NFSS spec.:
(fontspec)             <->"Calibri/BI/OT:script=latn;language=dflt;mapping=tex-
text;"
(fontspec)             - 'bold italic small caps'  (b/scit) with NFSS spec.:
(fontspec)             <->"Calibri/BI/OT:script=latn;language=dflt;+smcp;mappin
g=tex-text;"


(d:\Programs\LaTeX\MikTeX\texmfs\install\tex/generic/babel\babel.sty
Package: babel 2026/05/20 v26.8 The multilingual framework for LuaLaTeX, pdfLaT
eX and XeLaTeX
\babel@savecnt=\count313
LaTeX Encoding Info:    Redeclaring text command \ij (encoding OT1) on input li
ne 2084.
LaTeX Encoding Info:    Redeclaring text command \IJ (encoding OT1) on input li
ne 2086.
LaTeX Encoding Info:    Redeclaring text command \ij (encoding T1) on input lin
e 2088.
LaTeX Encoding Info:    Redeclaring text command \IJ (encoding T1) on input lin
e 2089.
LaTeX Encoding Info:    Ignoring declaration for text command \ij (encoding ?) 
on input line 2090.
LaTeX Encoding Info:    Ignoring declaration for text command \IJ (encoding ?) 
on input line 2092.
LaTeX Encoding Info:    Ignoring declaration for text command \SS (encoding ?) 
on input line 2117.
\U@D=\dimen171
\l@unhyphenated=\language6

(d:\Programs\LaTeX\MikTeX\texmfs\install\tex/generic/babel\xebabel.def)
\bbl@readstream=\read2
\bbl@dirlevel=\count314
Package babel Info: Configuration files are deprecated, as
(babel)             they can break document portability.
(babel)             Reported on input line 4228.

*************************************
* Local config file bblopts.cfg used
*
(d:\Programs\LaTeX\MikTeX\texmfs\install\tex/latex/arabi\bblopts.cfg
File: bblopts.cfg 2005/09/08 v0.1 add Arabic and Farsi to "declared" options of
 babel
)
(d:\Programs\LaTeX\MikTeX\texmfs\install\tex/generic/babel/locale/en\babel-engl
ish.tex)
(d:\Programs\LaTeX\MikTeX\texmfs\install\tex/generic/babel/locale/uk\babel-ukra
inian.tex)
Package babel Info: Importing font and identification data for english
(babel)             from babel-en.ini. Reported on input line 4356.

(d:\Programs\LaTeX\MikTeX\texmfs\install\tex/latex/babel-english\english.ldf
Language: english 2017/06/06 v3.3r English support from the babel system
Package babel Info: Hyphen rules for 'british' set to \l@english
(babel)             (\language0). Reported on input line 82.
Package babel Info: Hyphen rules for 'UKenglish' set to \l@english
(babel)             (\language0). Reported on input line 83.
Package babel Info: Hyphen rules for 'canadian' set to \l@english
(babel)             (\language0). Reported on input line 102.
Package babel Info: Hyphen rules for 'australian' set to \l@english
(babel)             (\language0). Reported on input line 105.
Package babel Info: Hyphen rules for 'newzealand' set to \l@english
(babel)             (\language0). Reported on input line 108.
)
Package babel Info: Importing font and identification data for ukrainian
(babel)             from babel-uk.ini. Reported on input line 4356.

(d:\Programs\LaTeX\MikTeX\texmfs\install\tex/latex/babel-ukrainian\ukraineb.ldf
File: ukraineb.ldf 2026/05/27 1.5a Ukrainian support for the Babel system
Package babel Info: Making " an active character on input line 97.
Package babel Info: Default for \cyrdash is provided on input line 142.
Package ukraineb.ldf Info: Executing babel 3.9 or later on input line 148.
Package ukraineb.ldf Info: Executing the post 3.9 branch for dates on input lin
e 239.
) (d:\Programs\LaTeX\MikTeX\texmfs\install\tex/generic/babel\cyrl2uni.def
File: cyrl2uni.def 2026/05/03 v0.3 Map to Unicode from Cyrillic LICR
))
(d:\Programs\LaTeX\MikTeX\texmfs\install\tex/latex/microtype\microtype.sty
Package: microtype 2023/03/13 v3.1a Micro-typographical refinements (RS)

(d:\Programs\LaTeX\MikTeX\texmfs\install\tex/latex/etoolbox\etoolbox.sty
Package: etoolbox 2025/10/02 v2.5m e-TeX tools for LaTeX (JAW)
\etb@tempcnta=\count315
)
\MT@toks=\toks24
\MT@tempbox=\box55
\MT@count=\count316
LaTeX Info: Redefining \noprotrusionifhmode on input line 1059.
LaTeX Info: Redefining \leftprotrusion on input line 1060.
\MT@prot@toks=\toks25
LaTeX Info: Redefining \rightprotrusion on input line 1078.
LaTeX Info: Redefining \textls on input line 1368.
\MT@outer@kern=\dimen172
LaTeX Info: Redefining \textmicrotypecontext on input line 1988.
\MT@listname@count=\count317

(d:\Programs\LaTeX\MikTeX\texmfs\install\tex/latex/microtype\microtype-xetex.de
f
File: microtype-xetex.def 2023/03/13 v3.1a Definitions specific to xetex (RS)
LaTeX Info: Redefining \lsstyle on input line 238.
)
Package microtype Info: Loading configuration file microtype.cfg.
 (d:\Programs\LaTeX\MikTeX\texmfs\install\tex/latex/microtype\microtype.cfg
File: microtype.cfg 2023/03/13 v3.1a microtype main configuration file (RS)
)) (d:\Programs\LaTeX\MikTeX\texmfs\install\tex/latex/pgf/frontendlayer\tikz.st
y
(d:\Programs\LaTeX\MikTeX\texmfs\install\tex/latex/pgf/basiclayer\pgf.sty
(d:\Programs\LaTeX\MikTeX\texmfs\install\tex/latex/pgf/utilities\pgfrcs.sty
(d:\Programs\LaTeX\MikTeX\texmfs\install\tex/generic/pgf/utilities\pgfutil-comm
on.tex
\pgfutil@everybye=\toks26
\pgfutil@tempdima=\dimen173
\pgfutil@tempdimb=\dimen174
)
(d:\Programs\LaTeX\MikTeX\texmfs\install\tex/generic/pgf/utilities\pgfutil-late
x.def
\pgfutil@abb=\box56
)
(d:\Programs\LaTeX\MikTeX\texmfs\install\tex/generic/pgf/utilities\pgfrcs.code.
tex (d:\Programs\LaTeX\MikTeX\texmfs\install\tex/generic/pgf\pgf.revision.tex)
Package: pgfrcs 2025-08-29 v3.1.11a (3.1.11a)
))
Package: pgf 2025-08-29 v3.1.11a (3.1.11a)
 (d:\Programs\LaTeX\MikTeX\texmfs\install\tex/latex/pgf/basiclayer\pgfcore.sty 
(d:\Programs\LaTeX\MikTeX\texmfs\install\tex/latex/graphics\graphicx.sty
Package: graphicx 2026-05-17 v1.2e Enhanced LaTeX Graphics (DPC,SPQR)

(d:\Programs\LaTeX\MikTeX\texmfs\install\tex/latex/graphics\graphics.sty
Package: graphics 2026-05-17 v1.4h Standard LaTeX Graphics (DPC,SPQR)

(d:\Programs\LaTeX\MikTeX\texmfs\install\tex/latex/graphics\trig.sty
Package: trig 2023/12/02 v1.11 sin cos tan (DPC)
)
(d:\Programs\LaTeX\MikTeX\texmfs\install\tex/latex/graphics-cfg\graphics.cfg
File: graphics.cfg 2016/06/04 v1.11 sample graphics configuration
)
Package graphics Info: Driver file: xetex.def on input line 106.

(d:\Programs\LaTeX\MikTeX\texmfs\install\tex/latex/graphics-def\xetex.def
File: xetex.def 2025/11/01 v5.0p Graphics/color driver for xetex
))
\Gin@req@height=\dimen175
\Gin@req@width=\dimen176
)
(d:\Programs\LaTeX\MikTeX\texmfs\install\tex/latex/pgf/systemlayer\pgfsys.sty
(d:\Programs\LaTeX\MikTeX\texmfs\install\tex/generic/pgf/systemlayer\pgfsys.cod
e.tex
Package: pgfsys 2025-08-29 v3.1.11a (3.1.11a)

(d:\Programs\LaTeX\MikTeX\texmfs\install\tex/generic/pgf/utilities\pgfkeys.code
.tex
\pgfkeys@pathtoks=\toks27
\pgfkeys@temptoks=\toks28

(d:\Programs\LaTeX\MikTeX\texmfs\install\tex/generic/pgf/utilities\pgfkeyslibra
ryfiltered.code.tex
\pgfkeys@tmptoks=\toks29
))
\pgf@x=\dimen177
\pgf@y=\dimen178
\pgf@xa=\dimen179
\pgf@ya=\dimen180
\pgf@xb=\dimen181
\pgf@yb=\dimen182
\pgf@xc=\dimen183
\pgf@yc=\dimen184
\pgf@xd=\dimen185
\pgf@yd=\dimen186
\w@pgf@writea=\write3
\r@pgf@reada=\read3
\c@pgf@counta=\count318
\c@pgf@countb=\count319
\c@pgf@countc=\count320
\c@pgf@countd=\count321
\t@pgf@toka=\toks30
\t@pgf@tokb=\toks31
\t@pgf@tokc=\toks32
\pgf@sys@id@count=\count322

(d:\Programs\LaTeX\MikTeX\texmfs\install\tex/generic/pgf/systemlayer\pgf.cfg
File: pgf.cfg 2025-08-29 v3.1.11a (3.1.11a)
)
Driver file for pgf: pgfsys-xetex.def

(d:\Programs\LaTeX\MikTeX\texmfs\install\tex/generic/pgf/systemlayer\pgfsys-xet
ex.def
File: pgfsys-xetex.def 2025-08-29 v3.1.11a (3.1.11a)

(d:\Programs\LaTeX\MikTeX\texmfs\install\tex/generic/pgf/systemlayer\pgfsys-dvi
pdfmx.def
File: pgfsys-dvipdfmx.def 2025-08-29 v3.1.11a (3.1.11a)

(d:\Programs\LaTeX\MikTeX\texmfs\install\tex/generic/pgf/systemlayer\pgfsys-com
mon-pdf.def
File: pgfsys-common-pdf.def 2025-08-29 v3.1.11a (3.1.11a)
)
\pgfsys@objnum=\count323
)))
(d:\Programs\LaTeX\MikTeX\texmfs\install\tex/generic/pgf/systemlayer\pgfsyssoft
path.code.tex
File: pgfsyssoftpath.code.tex 2025-08-29 v3.1.11a (3.1.11a)
\pgfsyssoftpath@smallbuffer@items=\count324
\pgfsyssoftpath@bigbuffer@items=\count325
)
(d:\Programs\LaTeX\MikTeX\texmfs\install\tex/generic/pgf/systemlayer\pgfsysprot
ocol.code.tex
File: pgfsysprotocol.code.tex 2025-08-29 v3.1.11a (3.1.11a)
))
(d:\Programs\LaTeX\MikTeX\texmfs\install\tex/latex/xcolor\xcolor.sty
Package: xcolor 2024/09/29 v3.02 LaTeX color extensions (UK)

(d:\Programs\LaTeX\MikTeX\texmfs\install\tex/latex/graphics-cfg\color.cfg
File: color.cfg 2016/01/02 v1.6 sample color configuration
)
Package xcolor Info: Driver file: xetex.def on input line 274.

(d:\Programs\LaTeX\MikTeX\texmfs\install\tex/latex/graphics\mathcolor.ltx)
Package xcolor Info: Model `cmy' substituted by `cmy0' on input line 1349.
Package xcolor Info: Model `RGB' extended on input line 1365.
Package xcolor Info: Model `HTML' substituted by `rgb' on input line 1367.
Package xcolor Info: Model `Hsb' substituted by `hsb' on input line 1368.
Package xcolor Info: Model `tHsb' substituted by `hsb' on input line 1369.
Package xcolor Info: Model `HSB' substituted by `hsb' on input line 1370.
Package xcolor Info: Model `Gray' substituted by `gray' on input line 1371.
Package xcolor Info: Model `wave' substituted by `hsb' on input line 1372.
)
(d:\Programs\LaTeX\MikTeX\texmfs\install\tex/latex/colortbl\colortbl.sty
Package: colortbl 2022/06/20 v1.0f Color table columns (DPC)

(d:\Programs\LaTeX\MikTeX\texmfs\install\tex/latex/tools\array.sty
Package: array 2026/02/24 v2.7b Tabular extension package (FMi)
\col@sep=\dimen187
\ar@mcellbox=\box57
\extrarowheight=\dimen188
\NC@list=\toks33
\extratabsurround=\skip54
\backup@length=\skip55
\ar@cellbox=\box58
)
\everycr=\toks34
\minrowclearance=\skip56
\rownum=\count326
)
(d:\Programs\LaTeX\MikTeX\texmfs\install\tex/generic/pgf/basiclayer\pgfcore.cod
e.tex
Package: pgfcore 2025-08-29 v3.1.11a (3.1.11a)

(d:\Programs\LaTeX\MikTeX\texmfs\install\tex/generic/pgf/math\pgfmath.code.tex
(d:\Programs\LaTeX\MikTeX\texmfs\install\tex/generic/pgf/math\pgfmathutil.code.
tex)
(d:\Programs\LaTeX\MikTeX\texmfs\install\tex/generic/pgf/math\pgfmathparser.cod
e.tex
\pgfmath@dimen=\dimen189
\pgfmath@count=\count327
\pgfmath@box=\box59
\pgfmath@toks=\toks35
\pgfmath@stack@operand=\toks36
\pgfmath@stack@operation=\toks37
)
(d:\Programs\LaTeX\MikTeX\texmfs\install\tex/generic/pgf/math\pgfmathfunctions.
code.tex)
(d:\Programs\LaTeX\MikTeX\texmfs\install\tex/generic/pgf/math\pgfmathfunctions.
basic.code.tex)
(d:\Programs\LaTeX\MikTeX\texmfs\install\tex/generic/pgf/math\pgfmathfunctions.
trigonometric.code.tex)
(d:\Programs\LaTeX\MikTeX\texmfs\install\tex/generic/pgf/math\pgfmathfunctions.
random.code.tex)
(d:\Programs\LaTeX\MikTeX\texmfs\install\tex/generic/pgf/math\pgfmathfunctions.
comparison.code.tex)
(d:\Programs\LaTeX\MikTeX\texmfs\install\tex/generic/pgf/math\pgfmathfunctions.
base.code.tex)
(d:\Programs\LaTeX\MikTeX\texmfs\install\tex/generic/pgf/math\pgfmathfunctions.
round.code.tex)
(d:\Programs\LaTeX\MikTeX\texmfs\install\tex/generic/pgf/math\pgfmathfunctions.
misc.code.tex)
(d:\Programs\LaTeX\MikTeX\texmfs\install\tex/generic/pgf/math\pgfmathfunctions.
integerarithmetics.code.tex)
(d:\Programs\LaTeX\MikTeX\texmfs\install\tex/generic/pgf/math\pgfmathcalc.code.
tex)
(d:\Programs\LaTeX\MikTeX\texmfs\install\tex/generic/pgf/math\pgfmathfloat.code
.tex
\c@pgfmathroundto@lastzeros=\count328
))
(d:\Programs\LaTeX\MikTeX\texmfs\install\tex/generic/pgf/math\pgfint.code.tex)
(d:\Programs\LaTeX\MikTeX\texmfs\install\tex/generic/pgf/basiclayer\pgfcorepoin
ts.code.tex
File: pgfcorepoints.code.tex 2025-08-29 v3.1.11a (3.1.11a)
\pgf@picminx=\dimen190
\pgf@picmaxx=\dimen191
\pgf@picminy=\dimen192
\pgf@picmaxy=\dimen193
\pgf@pathminx=\dimen194
\pgf@pathmaxx=\dimen195
\pgf@pathminy=\dimen196
\pgf@pathmaxy=\dimen197
\pgf@xx=\dimen198
\pgf@xy=\dimen199
\pgf@yx=\dimen256
\pgf@yy=\dimen257
\pgf@zx=\dimen258
\pgf@zy=\dimen259
)
(d:\Programs\LaTeX\MikTeX\texmfs\install\tex/generic/pgf/basiclayer\pgfcorepath
construct.code.tex
File: pgfcorepathconstruct.code.tex 2025-08-29 v3.1.11a (3.1.11a)
\pgf@path@lastx=\dimen260
\pgf@path@lasty=\dimen261
)
(d:\Programs\LaTeX\MikTeX\texmfs\install\tex/generic/pgf/basiclayer\pgfcorepath
usage.code.tex
File: pgfcorepathusage.code.tex 2025-08-29 v3.1.11a (3.1.11a)
\pgf@shorten@end@additional=\dimen262
\pgf@shorten@start@additional=\dimen263
)
(d:\Programs\LaTeX\MikTeX\texmfs\install\tex/generic/pgf/basiclayer\pgfcorescop
es.code.tex
File: pgfcorescopes.code.tex 2025-08-29 v3.1.11a (3.1.11a)
\pgfpic=\box60
\pgf@hbox=\box61
\pgf@layerbox@main=\box62
\pgf@picture@serial@count=\count329
)
(d:\Programs\LaTeX\MikTeX\texmfs\install\tex/generic/pgf/basiclayer\pgfcoregrap
hicstate.code.tex
File: pgfcoregraphicstate.code.tex 2025-08-29 v3.1.11a (3.1.11a)
\pgflinewidth=\dimen264
)
(d:\Programs\LaTeX\MikTeX\texmfs\install\tex/generic/pgf/basiclayer\pgfcoretran
sformations.code.tex
File: pgfcoretransformations.code.tex 2025-08-29 v3.1.11a (3.1.11a)
\pgf@pt@x=\dimen265
\pgf@pt@y=\dimen266
\pgf@pt@temp=\dimen267
)
(d:\Programs\LaTeX\MikTeX\texmfs\install\tex/generic/pgf/basiclayer\pgfcorequic
k.code.tex
File: pgfcorequick.code.tex 2025-08-29 v3.1.11a (3.1.11a)
)
(d:\Programs\LaTeX\MikTeX\texmfs\install\tex/generic/pgf/basiclayer\pgfcoreobje
cts.code.tex
File: pgfcoreobjects.code.tex 2025-08-29 v3.1.11a (3.1.11a)
)
(d:\Programs\LaTeX\MikTeX\texmfs\install\tex/generic/pgf/basiclayer\pgfcorepath
processing.code.tex
File: pgfcorepathprocessing.code.tex 2025-08-29 v3.1.11a (3.1.11a)
)
(d:\Programs\LaTeX\MikTeX\texmfs\install\tex/generic/pgf/basiclayer\pgfcorearro
ws.code.tex
File: pgfcorearrows.code.tex 2025-08-29 v3.1.11a (3.1.11a)
\pgfarrowsep=\dimen268
)
(d:\Programs\LaTeX\MikTeX\texmfs\install\tex/generic/pgf/basiclayer\pgfcoreshad
e.code.tex
File: pgfcoreshade.code.tex 2025-08-29 v3.1.11a (3.1.11a)
\pgf@max=\dimen269
\pgf@sys@shading@range@num=\count330
\pgf@shadingcount=\count331
)
(d:\Programs\LaTeX\MikTeX\texmfs\install\tex/generic/pgf/basiclayer\pgfcoreimag
e.code.tex
File: pgfcoreimage.code.tex 2025-08-29 v3.1.11a (3.1.11a)
)
(d:\Programs\LaTeX\MikTeX\texmfs\install\tex/generic/pgf/basiclayer\pgfcoreexte
rnal.code.tex
File: pgfcoreexternal.code.tex 2025-08-29 v3.1.11a (3.1.11a)
\pgfexternal@startupbox=\box63
)
(d:\Programs\LaTeX\MikTeX\texmfs\install\tex/generic/pgf/basiclayer\pgfcorelaye
rs.code.tex
File: pgfcorelayers.code.tex 2025-08-29 v3.1.11a (3.1.11a)
)
(d:\Programs\LaTeX\MikTeX\texmfs\install\tex/generic/pgf/basiclayer\pgfcoretran
sparency.code.tex
File: pgfcoretransparency.code.tex 2025-08-29 v3.1.11a (3.1.11a)
)
(d:\Programs\LaTeX\MikTeX\texmfs\install\tex/generic/pgf/basiclayer\pgfcorepatt
erns.code.tex
File: pgfcorepatterns.code.tex 2025-08-29 v3.1.11a (3.1.11a)
)
(d:\Programs\LaTeX\MikTeX\texmfs\install\tex/generic/pgf/basiclayer\pgfcorerdf.
code.tex
File: pgfcorerdf.code.tex 2025-08-29 v3.1.11a (3.1.11a)
)))
(d:\Programs\LaTeX\MikTeX\texmfs\install\tex/generic/pgf/modules\pgfmoduleshape
s.code.tex
File: pgfmoduleshapes.code.tex 2025-08-29 v3.1.11a (3.1.11a)
\pgfnodeparttextbox=\box64
)
(d:\Programs\LaTeX\MikTeX\texmfs\install\tex/generic/pgf/modules\pgfmoduleplot.
code.tex
File: pgfmoduleplot.code.tex 2025-08-29 v3.1.11a (3.1.11a)
)
(d:\Programs\LaTeX\MikTeX\texmfs\install\tex/latex/pgf/compatibility\pgfcomp-ve
rsion-0-65.sty
Package: pgfcomp-version-0-65 2025-08-29 v3.1.11a (3.1.11a)
\pgf@nodesepstart=\dimen270
\pgf@nodesepend=\dimen271
)
(d:\Programs\LaTeX\MikTeX\texmfs\install\tex/latex/pgf/compatibility\pgfcomp-ve
rsion-1-18.sty
Package: pgfcomp-version-1-18 2025-08-29 v3.1.11a (3.1.11a)
))
(d:\Programs\LaTeX\MikTeX\texmfs\install\tex/latex/pgf/utilities\pgffor.sty
(d:\Programs\LaTeX\MikTeX\texmfs\install\tex/latex/pgf/utilities\pgfkeys.sty
(d:\Programs\LaTeX\MikTeX\texmfs\install\tex/generic/pgf/utilities\pgfkeys.code
.tex)) (d:\Programs\LaTeX\MikTeX\texmfs\install\tex/latex/pgf/math\pgfmath.sty
(d:\Programs\LaTeX\MikTeX\texmfs\install\tex/generic/pgf/math\pgfmath.code.tex)
)
(d:\Programs\LaTeX\MikTeX\texmfs\install\tex/generic/pgf/utilities\pgffor.code.
tex
Package: pgffor 2025-08-29 v3.1.11a (3.1.11a)
\pgffor@iter=\dimen272
\pgffor@skip=\dimen273
\pgffor@stack=\toks38
\pgffor@toks=\toks39
))
(d:\Programs\LaTeX\MikTeX\texmfs\install\tex/generic/pgf/frontendlayer/tikz\tik
z.code.tex
Package: tikz 2025-08-29 v3.1.11a (3.1.11a)

(d:\Programs\LaTeX\MikTeX\texmfs\install\tex/generic/pgf/libraries\pgflibrarypl
othandlers.code.tex
File: pgflibraryplothandlers.code.tex 2025-08-29 v3.1.11a (3.1.11a)
\pgf@plot@mark@count=\count332
\pgfplotmarksize=\dimen274
)
\tikz@lastx=\dimen275
\tikz@lasty=\dimen276
\tikz@lastxsaved=\dimen277
\tikz@lastysaved=\dimen278
\tikz@lastmovetox=\dimen279
\tikz@lastmovetoy=\dimen280
\tikzleveldistance=\dimen281
\tikzsiblingdistance=\dimen282
\tikz@figbox=\box65
\tikz@figbox@bg=\box66
\tikz@tempbox=\box67
\tikz@tempbox@bg=\box68
\tikztreelevel=\count333
\tikznumberofchildren=\count334
\tikznumberofcurrentchild=\count335
\tikz@fig@count=\count336

(d:\Programs\LaTeX\MikTeX\texmfs\install\tex/generic/pgf/modules\pgfmodulematri
x.code.tex
File: pgfmodulematrix.code.tex 2025-08-29 v3.1.11a (3.1.11a)
\pgfmatrixcurrentrow=\count337
\pgfmatrixcurrentcolumn=\count338
\pgf@matrix@numberofcolumns=\count339
)
\tikz@expandcount=\count340

(d:\Programs\LaTeX\MikTeX\texmfs\install\tex/generic/pgf/frontendlayer/tikz/lib
raries\tikzlibrarytopaths.code.tex
File: tikzlibrarytopaths.code.tex 2025-08-29 v3.1.11a (3.1.11a)
)))
(d:\Programs\LaTeX\MikTeX\texmfs\install\tex/latex/tikzmark\tikzlibrarytikzmark
.code.tex
File: tikzlibrarytikzmark.code.tex 2022/08/24 v1.15 TikZ library for marking po
sitions in a document
\l__sn_x_dim=\dimen283
\l__sn_y_dim=\dimen284
\l__sn_xa_dim=\dimen285
\l__sn_ya_dim=\dimen286
)
(d:\Programs\LaTeX\MikTeX\texmfs\install\tex/generic/pgf/frontendlayer/tikz/lib
raries\tikzlibrarycalc.code.tex
File: tikzlibrarycalc.code.tex 2025-08-29 v3.1.11a (3.1.11a)
)
(d:\Programs\LaTeX\MikTeX\texmfs\install\tex/latex/tools\indentfirst.sty
Package: indentfirst 2023/07/02 v1.03 Indent first paragraph (DPC)
)
(d:\Programs\LaTeX\MikTeX\texmfs\install\tex/latex/mhchem\mhchem.sty
Package: mhchem 2024/01/29 v4.10 for typesetting chemical formulae

(d:\Programs\LaTeX\MikTeX\texmfs\install\tex/latex/tools\calc.sty
Package: calc 2025/03/01 v4.3b Infix arithmetic (KKT,FJ)
\calc@Acount=\count341
\calc@Bcount=\count342
\calc@Adimen=\dimen287
\calc@Bdimen=\dimen288
\calc@Askip=\skip57
\calc@Bskip=\skip58
LaTeX Info: Redefining \setlength on input line 86.
LaTeX Info: Redefining \addtolength on input line 87.
\calc@Ccount=\count343
\calc@Cskip=\skip59
)
(d:\Programs\LaTeX\MikTeX\texmfs\install\tex/latex/chemgreek\chemgreek.sty
Package: chemgreek 2020/01/16 v1.1a interface for upright Greek letters for use
 in chemistry (CN)
\l__chemgreek_tmpa_int=\count344
\g__chemgreek_tmpa_int=\count345
)
\l__mhchem_ce_distanceFromLastComma_int=\count346
\__mhchem_arrow_extPgfLength_skip=\skip60
\mhchem@minispace@tmp=\skip61
\mhchem@minibackspace@tmp=\skip62
\mhchem@bondwidth=\skip63
\mhchem@bondheight=\skip64
\mhchem@smallbondwidth@tmpA=\skip65
\mhchem@smallbondwidth@tmpB=\skip66
\mhchem@smallbondwidth=\skip67
\mhchem@bondtmp@minussidebearingleft=\skip68
\mhchem@bondtmp@minussidebearingright=\skip69
\l__mhchem_option_version_int=\count347
\mhchem@option@minusmathsidebearingleft=\dimen289
\mhchem@option@minusmathsidebearingright=\dimen290
\mhchem@option@minustextsidebearingleft=\dimen291
\mhchem@option@minustextsidebearingright=\dimen292


Package mhchem Warning: You did not specify a 'version' option for the mhchem
(mhchem)                package. Please write \usepackage[version=4]{mhchem}
(mhchem)                in your preamble (or any lower number for
(mhchem)                compatibility mode), because you might get slightly
(mhchem)                different output with the same input in future versions
.

) (d:\Programs\LaTeX\MikTeX\texmfs\install\tex/latex/chemfig\chemfig.sty
(d:\Programs\LaTeX\MikTeX\texmfs\install\tex/generic/chemfig\chemfig.tex
(d:\Programs\LaTeX\MikTeX\texmfs\install\tex/generic/simplekv\simplekv.tex
Package: simplekv 2023/10/02 v0.2c Simple keyval package (CT)
)
(d:\Programs\LaTeX\MikTeX\texmfs\install\tex/generic/pgf/libraries\pgflibraryar
rows.meta.code.tex
File: pgflibraryarrows.meta.code.tex 2025-08-29 v3.1.11a (3.1.11a)
\pgfarrowinset=\dimen293
\pgfarrowlength=\dimen294
\pgfarrowwidth=\dimen295
\pgfarrowlinewidth=\dimen296
)
\CF_cnt_atomgroup=\count348
\CF_cnt_group=\count349
\CF_cnt_atom=\count350
\CF_cnt_cycle=\count351
\CF_cnt_cyclebonds=\count352
\CF_cnt_compound=\count353
\CF_dim=\dimen297
\CF_turnangle=\dimen298
\CF_arrowsize=\dimen299
\CF_zero=\dimen300
\CF_box=\box69
\CF_boxstuff=\box70
\CF_testbox=\box71
\CF_chargebox=\box72
\CF_substtoks=\toks40
)
Package: chemfig 2023/12/28 v1.66 Draw molecule with an easy syntax (CT)
)
(d:\Programs\LaTeX\MikTeX\texmfs\install\tex/latex/titlesec\titlesec.sty
Package: titlesec 2023/10/27 v2.16 Sectioning titles
\ttl@box=\box73
\beforetitleunit=\skip70
\aftertitleunit=\skip71
\ttl@plus=\dimen301
\ttl@minus=\dimen302
\ttl@toksa=\toks41
\titlewidth=\dimen303
\titlewidthlast=\dimen304
\titlewidthfirst=\dimen305
)
(d:\Programs\LaTeX\MikTeX\texmfs\install\tex/generic/xint\xintexpr.sty
(d:\Programs\LaTeX\MikTeX\texmfs\install\tex/generic/xint\xintfrac.sty
(d:\Programs\LaTeX\MikTeX\texmfs\install\tex/generic/xint\xint.sty
(d:\Programs\LaTeX\MikTeX\texmfs\install\tex/generic/xint\xintcore.sty
(d:\Programs\LaTeX\MikTeX\texmfs\install\tex/generic/xint\xintkernel.sty
Package: xintkernel 2025/09/06 v1.4o Paraphernalia for the xint packages (JFB)
\xint_c_x^v=\count354
\xint_c_x^viii=\count355
\xint_c_x^ix=\count356
\xint_c_x^viii_mone=\count357
\xint_c_nine_x^viii=\count358
\xint_c_xi_e_viii_mone=\count359
\xint_c_xii_e_viii=\count360
\xint_c_ii^xv=\count361
\xint_c_ii^xvi=\count362
\xint_c_ii^xxi=\count363
)
Package: xintcore 2025/09/06 v1.4o Expandable arithmetic on big integers (JFB)
)
Package: xint 2025/09/06 v1.4o Expandable operations on big integers (JFB)
)
Package: xintfrac 2025/09/06 v1.4o Expandable operations on fractions (JFB)
)
(d:\Programs\LaTeX\MikTeX\texmfs\install\tex/generic/xint\xinttools.sty
Package: xinttools 2025/09/06 v1.4o Expandable and non-expandable utilities (JF
B)
\XINT_toks=\toks42
)
(d:\Programs\LaTeX\MikTeX\texmfs\install\tex/generic/xint\xintbinhex.sty
Package: xintbinhex 2025/09/06 v1.4o Expandable radix conversions (2, 8, 10, an
d 16) (JFB)
)
Package: xintexpr 2025/09/06 v1.4o Expandable expression parser (JFB)

(d:\Programs\LaTeX\MikTeX\texmfs\install\tex/generic/xint\xinttrig.sty
Package: xinttrig 2025/09/06 v1.4o Trigonometrical functions for xintexpr (JFB)

)
(d:\Programs\LaTeX\MikTeX\texmfs\install\tex/generic/xint\xintlog.sty
Package: xintlog 2025/09/06 v1.4o Logarithms and exponentials for xintexpr (JFB
)

(d:\Programs\LaTeX\MikTeX\texmfs\install\tex/latex/poormanlog\poormanlog.sty
Package: poormanlog 2022/05/25 v0.07 base 10 log and pow with 9 digits (JFB)

(d:\Programs\LaTeX\MikTeX\texmfs\install\tex/generic/poormanlog\poormanlog.tex)
))) (d:\Programs\LaTeX\MikTeX\texmfs\install\tex/latex/caption\caption.sty
Package: caption 2023/08/05 v3.6o Customizing captions (AR)

(d:\Programs\LaTeX\MikTeX\texmfs\install\tex/latex/caption\caption3.sty
Package: caption3 2023/07/31 v2.4d caption3 kernel (AR)
\caption@tempdima=\dimen306
\captionmargin=\dimen307
\caption@leftmargin=\dimen308
\caption@rightmargin=\dimen309
\caption@width=\dimen310
\caption@indent=\dimen311
\caption@parindent=\dimen312
\caption@hangindent=\dimen313
Package caption Info: Standard document class detected.
)
\c@caption@flags=\count364
\c@continuedfloat=\count365
)
(d:\Programs\LaTeX\MikTeX\texmfs\install\tex/latex/tabularray\tabularray.sty
Package: tabularray 2024-02-16 v2024A Typeset tabulars and arrays with LaTeX3
\l__tblr_a_int=\count366
\l__tblr_c_int=\count367
\l__tblr_r_int=\count368
\l__tblr_d_dim=\dimen314
\l__tblr_h_dim=\dimen315
\l__tblr_o_dim=\dimen316
\l__tblr_p_dim=\dimen317
\l__tblr_q_dim=\dimen318
\l__tblr_r_dim=\dimen319
\l__tblr_s_dim=\dimen320
\l__tblr_t_dim=\dimen321
\l__tblr_v_dim=\dimen322
\l__tblr_w_dim=\dimen323
\l__tblr_a_box=\box74
\l__tblr_b_box=\box75
\l__tblr_c_box=\box76
\l__tblr_d_box=\box77
\g__tblr_table_count_int=\count369
\c@colnum=\count370
\c@rowcount=\count371
\c@colcount=\count372
\abovesep=\dimen324
\belowsep=\dimen325
\leftsep=\dimen326
\rightsep=\dimen327
\g_tblr_level_int=\count373
\g__tblr_data_row_key_count_int=\count374
\g__tblr_data_column_key_count_int=\count375
\g__tblr_data_cell_key_count_int=\count376
\g__tblr_array_int=\count377
\l__tblr_key_count_int=\count378
\l__tblr_key_quotient_int=\count379
\l__tblr_key_quotient_two_int=\count380
\l__tblr_key_remainder_int=\count381
\g__tblr_data_str_value_count_int=\count382
\rulewidth=\dimen328
\l__tblr_strut_dp_dim=\dimen329
\l__tblr_strut_ht_dim=\dimen330
\g__tblr_cell_wd_dim=\dimen331
\g__tblr_cell_ht_dim=\dimen332
\g__tblr_cell_head_dim=\dimen333
\g__tblr_cell_foot_dim=\dimen334
\l__column_target_dim=\dimen335
\l__tblr_caption_box=\box78
\l__tblr_caption_left_box=\box79
\l__tblr_row_head_box=\box80
\l__tblr_row_foot_box=\box81
\l__tblr_row_head_foot_dim=\dimen336
\tablewidth=\dimen337
\l__tblr_table_firsthead_box=\box82
\l__tblr_table_middlehead_box=\box83
\l__tblr_table_lasthead_box=\box84
\l__tblr_table_firstfoot_box=\box85
\l__tblr_table_middlefoot_box=\box86
\l__tblr_table_lastfoot_box=\box87
\l__tblr_remain_height_dim=\dimen338
\l__tblr_long_from_int=\count383
\l__tblr_long_to_int=\count384
\l__tblr_curr_i_int=\count385
\l__tblr_prev_i_int=\count386
\l__tblr_table_page_int=\count387
\l__tblr_table_head_box=\box88
\l__tblr_table_foot_box=\box89
\l__tblr_table_head_foot_dim=\dimen339
\l__tblr_table_head_body_foot_dim=\dimen340
\l__tblr_table_box=\box90
\l__tblr_table_hlines_box=\box91
\l__tblr_hline_box=\box92
\l__tblr_row_box=\box93
\l__tblr_col_o_wd_dim=\dimen341
\l__tblr_col_b_wd_dim=\dimen342
\l__tblr_hline_leftskip_dim=\dimen343
\l__tblr_hline_rightskip_dim=\dimen344
\l__tblr_row_ht_dim=\dimen345
\l__tblr_row_dp_dim=\dimen346
\l__tblr_row_abovesep_dim=\dimen347
\l__tblr_row_belowsep_dim=\dimen348
\l__tblr_row_vlines_box=\box94
\l__tblr_vline_box=\box95
\l__tblr_cell_box=\box96
\l__row_upper_dim=\dimen349
\l__row_lower_dim=\dimen350
\l__row_vpace_dim=\dimen351
\l__tblr_vline_aboveskip_dim=\dimen352
\l__tblr_vline_belowskip_dim=\dimen353
\l__tblr_cell_wd_dim=\dimen354
\l__tblr_cell_ht_dim=\dimen355
\l__tblr_diag_box=\box97
)
(d:\Programs\LaTeX\MikTeX\texmfs\install\tex/latex/multirow\multirow.sty
Package: multirow 2024/11/12 v2.9 Span multiple rows of a table
\multirow@colwidth=\skip72
\multirow@cntb=\count388
\multirow@dima=\skip73
\bigstrutjot=\dimen356
)
(d:\Programs\LaTeX\MikTeX\texmfs\install\tex/latex/graphics\rotating.sty
Package: rotating 2026-05-17 v2.16e rotated objects in LaTeX

(d:\Programs\LaTeX\MikTeX\texmfs\install\tex/latex/base\ifthen.sty
Package: ifthen 2024/03/16 v1.1e Standard LaTeX ifthen package (DPC)
)
\c@r@tfl@t=\count389
\rotFPtop=\skip74
\rotFPbot=\skip75
\rot@float@box=\box98
\rot@mess@toks=\toks43
)
(d:\Programs\LaTeX\MikTeX\texmfs\install\tex/latex/makecell\makecell.sty
Package: makecell 2009/08/03 V0.1e Managing of Tab Column Heads and Cells
\rotheadsize=\dimen357
\c@nlinenum=\count390
\TeXr@lab=\toks44
)
(d:\Programs\LaTeX\MikTeX\texmfs\install\tex/latex/tools\longtable.sty
Package: longtable 2026-01-28 v4.27 Multi-page Table package (DPC)
\LTleft=\skip76
\LTright=\skip77
\LTpre=\skip78
\LTpost=\skip79
\LTchunksize=\count391
\LTcapwidth=\dimen358
\LT@head=\box99
\LT@firsthead=\box100
\LT@foot=\box101
\LT@lastfoot=\box102
\LT@gbox=\box103
\LT@cols=\count392
\LT@rows=\count393
\c@LT@tables=\count394
\c@LT@chunks=\count395
\LT@p@ftn=\toks45
)
(d:\Programs\LaTeX\MikTeX\texmfs\install\tex/latex/ctable\ctable.sty
Package: ctable 2025/10/22 v1.33 package for flexible key/value driven typesett
ing of floats

(d:\Programs\LaTeX\MikTeX\texmfs\install\tex/generic/iftex\ifpdf.sty
Package: ifpdf 2019/10/25 v3.4 ifpdf legacy package. Use iftex instead.
)
(d:\Programs\LaTeX\MikTeX\texmfs\install\tex/latex/xkeyval\xkeyval.sty
Package: xkeyval 2022/06/16 v2.9 package option processing (HA)

(d:\Programs\LaTeX\MikTeX\texmfs\install\tex/generic/xkeyval\xkeyval.tex
(d:\Programs\LaTeX\MikTeX\texmfs\install\tex/generic/xkeyval\xkvutils.tex
\XKV@toks=\toks46
\XKV@tempa@toks=\toks47
)
\XKV@depth=\count396
File: xkeyval.tex 2014/12/03 v2.7a key=value parser (HA)
))
(d:\Programs\LaTeX\MikTeX\texmfs\install\tex/latex/tools\tabularx.sty
Package: tabularx 2023/12/11 v2.12a `tabularx' package (DPC)
\TX@col@width=\dimen359
\TX@old@table=\dimen360
\TX@old@col=\dimen361
\TX@target=\dimen362
\TX@delta=\dimen363
\TX@cols=\count397
\TX@ftn=\toks48
)
(d:\Programs\LaTeX\MikTeX\texmfs\install\tex/latex/booktabs\booktabs.sty
Package: booktabs 2020/01/12 v1.61803398 Publication quality tables
\heavyrulewidth=\dimen364
\lightrulewidth=\dimen365
\cmidrulewidth=\dimen366
\belowrulesep=\dimen367
\belowbottomsep=\dimen368
\aboverulesep=\dimen369
\abovetopsep=\dimen370
\cmidrulesep=\dimen371
\cmidrulekern=\dimen372
\defaultaddspace=\dimen373
\@cmidla=\count398
\@cmidlb=\count399
\@aboverulesep=\dimen374
\@belowrulesep=\dimen375
\@thisruleclass=\count400
\@lastruleclass=\count401
\@thisrulewidth=\dimen376
)

Package ctable Warning: 
(ctable)                Transparency disabled: pdfTeX is not running in PDF mod
e .

\@CTframesep=\dimen377
\@dfltCTframesep=\dimen378
\@CTframerule=\dimen379
\@dfltCTframerule=\dimen380
\@CTwidth=\dimen381
\@dfltCTwidth=\dimen382
\@CTcaptionskip=\dimen383
\@dfltCTcaptionskip=\dimen384
\@CTmaxwidth=\dimen385
\@dfltCTmaxwidth=\dimen386
\@CTmincapwidth=\dimen387
\@dfltCTmincapwidth=\dimen388
\@CTfooterwidth=\dimen389
\@dfltCTfooterwidth=\dimen390
\@CTw=\dimen391
\@CTfloatwidth=\dimen392
\@CToldsep=\dimen393
\@CToldrule=\dimen394
\CT@t=\box104
\@CTcurftwidth=\dimen395
) (d:\Programs\LaTeX\MikTeX\texmfs\install\tex/latex/tools\hhline.sty
Package: hhline 2026/05/02 v2.05 Table rule package (DPC)
)
(d:\Programs\LaTeX\MikTeX\texmfs\install\tex/latex/spreadtab\spreadtab.sty
Package: spreadtab 2025/03/14 v0.61 Spreadsheet features for table environments
 (CT)

(d:\Programs\LaTeX\MikTeX\texmfs\install\tex/latex/xstring\xstring.sty
(d:\Programs\LaTeX\MikTeX\texmfs\install\tex/generic/xstring\xstring.tex
\xs_counta=\count402
\xs_countb=\count403
)
Package: xstring 2023/08/22 v1.86 String manipulations (CT)
)
(d:\Programs\LaTeX\MikTeX\texmfs\install\tex/latex/simplekv\simplekv.sty
(d:\Programs\LaTeX\MikTeX\texmfs\install\tex/generic/simplekv\simplekv.tex)
Package: simplekv 2023/10/02 v0.2c Simple keyval package (CT)
)
\ST_cnt=\count404
\ST_col_cnt=\count405
\ST_col_cnt_a=\count406
\ST_row_cnt=\count407
\ST_row_cnt_a=\count408
\ST_intpart_cnt=\count409
)
(d:\Programs\LaTeX\MikTeX\texmfs\install\tex/latex/shipunov\boldline.sty
Package: boldline 2008/02/04 v0.2 Adjust line width in tables
)
(d:\Programs\LaTeX\MikTeX\texmfs\install\tex/latex/tcolorbox\tcolorbox.sty
Package: tcolorbox 2026/05/28 version 6.10.0 text color boxes

(d:\Programs\LaTeX\MikTeX\texmfs\install\tex/latex/tools\verbatim.sty
Package: verbatim 2024-01-22 v1.5x LaTeX2e package for verbatim enhancements
\every@verbatim=\toks49
\verbatim@line=\toks50
\verbatim@in@stream=\read4
)
(d:\Programs\LaTeX\MikTeX\texmfs\install\tex/latex/environ\environ.sty
Package: environ 2014/05/04 v0.3 A new way to define environments

(d:\Programs\LaTeX\MikTeX\texmfs\install\tex/latex/trimspaces\trimspaces.sty
Package: trimspaces 2009/09/17 v1.1 Trim spaces around a token list
))
\tcb@titlebox=\box105
\tcb@upperbox=\box106
\tcb@lowerbox=\box107
\tcb@phantombox=\box108
\c@tcbbreakpart=\count410
\c@tcblayer=\count411
\c@tcolorbox@number=\count412
\l__tcobox_tmpa_box=\box109
\l__tcobox_tmpa_dim=\dimen396
\tcb@temp=\box110
\tcb@temp=\box111
\tcb@temp=\box112
\tcb@temp=\box113
)
\c@magicrownumbers=\count413
(d:\Programs\LaTeX\MikTeX\texmfs\install\tex/latex/footmisc\footmisc.sty
Package: footmisc 2025/05/09 v7.0b a miscellany of footnote facilities
\FN@temptoken=\toks51
\footnotemargin=\dimen397
Package footmisc Info: Declaring symbol style bringhurst on input line 549.
Package footmisc Info: Declaring symbol style chicago on input line 557.
Package footmisc Info: Declaring symbol style wiley on input line 566.
Package footmisc Info: Declaring symbol style lamport-robust on input line 577.

Package footmisc Info: Declaring symbol style lamport* on input line 597.
Package footmisc Info: Declaring symbol style lamport*-robust on input line 618
.
)
\c@tablchapter=\count414
\c@tabltheme=\count415

(d:\Programs\LaTeX\MikTeX\texmfs\install\tex/latex/biblatex\biblatex.sty
Package: biblatex 2025/07/10 v3.21 programmable bibliographies (PK/MW)

(d:\Programs\LaTeX\MikTeX\texmfs\install\tex/latex/kvoptions\kvoptions.sty
Package: kvoptions 2022-06-15 v3.15 Key value format for package options (HO)

(d:\Programs\LaTeX\MikTeX\texmfs\install\tex/latex/kvsetkeys\kvsetkeys.sty
Package: kvsetkeys 2022-10-05 v1.19 Key value parser (HO)
))
(d:\Programs\LaTeX\MikTeX\texmfs\install\tex/latex/logreq\logreq.sty
Package: logreq 2010/08/04 v1.0 xml request logger
\lrq@indent=\count416

(d:\Programs\LaTeX\MikTeX\texmfs\install\tex/latex/logreq\logreq.def
File: logreq.def 2010/08/04 v1.0 logreq spec v1.0
))
(d:\Programs\LaTeX\MikTeX\texmfs\install\tex/latex/url\url.sty
\Urlmuskip=\muskip19
Package: url 2013/09/16  ver 3.4  Verb mode for urls, etc.
)
\c@tabx@nest=\count417
\c@listtotal=\count418
\c@listcount=\count419
\c@liststart=\count420
\c@liststop=\count421
\c@citecount=\count422
\c@citetotal=\count423
\c@multicitecount=\count424
\c@multicitetotal=\count425
\c@instcount=\count426
\c@maxnames=\count427
\c@minnames=\count428
\c@maxitems=\count429
\c@minitems=\count430
\c@citecounter=\count431
\c@maxcitecounter=\count432
\c@savedcitecounter=\count433
\c@uniquelist=\count434
\c@uniquename=\count435
\c@refsection=\count436
\c@refsegment=\count437
\c@maxextratitle=\count438
\c@maxextratitleyear=\count439
\c@maxextraname=\count440
\c@maxextradate=\count441
\c@maxextraalpha=\count442
\c@abbrvpenalty=\count443
\c@highnamepenalty=\count444
\c@lownamepenalty=\count445
\c@maxparens=\count446
\c@parenlevel=\count447
\blx@tempcnta=\count448
\blx@tempcntb=\count449
\blx@tempcntc=\count450
\c@blx@maxsection=\count451
\blx@maxsegment@0=\count452
\blx@notetype=\count453
\blx@parenlevel@text=\count454
\blx@parenlevel@foot=\count455
\blx@sectionciteorder@0=\count456
\blx@sectionciteorderinternal@0=\count457
\blx@entrysetcounter=\count458
\blx@biblioinstance=\count459
\labelnumberwidth=\skip80
\labelalphawidth=\skip81
\biblabelsep=\skip82
\bibitemsep=\skip83
\bibnamesep=\skip84
\bibinitsep=\skip85
\bibparsep=\skip86
\bibhang=\skip87
\blx@bcfin=\read5
\blx@bcfout=\write4
\blx@langwohyphens=\language7
\c@mincomprange=\count460
\c@maxcomprange=\count461
\c@mincompwidth=\count462
Package biblatex Info: Trying to load biblatex default data model...
Package biblatex Info: ... file 'blx-dm.def' found.

(d:\Programs\LaTeX\MikTeX\texmfs\install\tex/latex/biblatex\blx-dm.def
File: blx-dm.def 2025/07/10 v3.21 biblatex datamodel (PK/MW)
)
Package biblatex Info: Trying to load biblatex bibstyle data model...
Package biblatex Info: ... file 'numeric.dbx' not found.
Package biblatex Info: Trying to load biblatex custom data model...
Package biblatex Info: ... file 'biblatex-dm.cfg' not found.
\c@afterword=\count463
\c@savedafterword=\count464
\c@annotator=\count465
\c@savedannotator=\count466
\c@author=\count467
\c@savedauthor=\count468
\c@bookauthor=\count469
\c@savedbookauthor=\count470
\c@commentator=\count471
\c@savedcommentator=\count472
\c@editor=\count473
\c@savededitor=\count474
\c@editora=\count475
\c@savededitora=\count476
\c@editorb=\count477
\c@savededitorb=\count478
\c@editorc=\count479
\c@savededitorc=\count480
\c@foreword=\count481
\c@savedforeword=\count482
\c@holder=\count483
\c@savedholder=\count484
\c@introduction=\count485
\c@savedintroduction=\count486
\c@namea=\count487
\c@savednamea=\count488
\c@nameb=\count489
\c@savednameb=\count490
\c@namec=\count491
\c@savednamec=\count492
\c@translator=\count493
\c@savedtranslator=\count494
\c@shortauthor=\count495
\c@savedshortauthor=\count496
\c@shorteditor=\count497
\c@savedshorteditor=\count498
\c@labelname=\count499
\c@savedlabelname=\count500
\c@institution=\count501
\c@savedinstitution=\count502
\c@lista=\count503
\c@savedlista=\count504
\c@listb=\count505
\c@savedlistb=\count506
\c@listc=\count507
\c@savedlistc=\count508
\c@listd=\count509
\c@savedlistd=\count510
\c@liste=\count511
\c@savedliste=\count512
\c@listf=\count513
\c@savedlistf=\count514
\c@location=\count515
\c@savedlocation=\count516
\c@organization=\count517
\c@savedorganization=\count518
\c@origlocation=\count519
\c@savedoriglocation=\count520
\c@origpublisher=\count521
\c@savedorigpublisher=\count522
\c@publisher=\count523
\c@savedpublisher=\count524
\c@language=\count525
\c@savedlanguage=\count526
\c@origlanguage=\count527
\c@savedoriglanguage=\count528
\c@pageref=\count529
\c@savedpageref=\count530
\shorthandwidth=\skip88
\shortjournalwidth=\skip89
\shortserieswidth=\skip90
\shorttitlewidth=\skip91
\shortauthorwidth=\skip92
\shorteditorwidth=\skip93
\locallabelnumberwidth=\skip94
\locallabelalphawidth=\skip95
\localshorthandwidth=\skip96
\localshortjournalwidth=\skip97
\localshortserieswidth=\skip98
\localshorttitlewidth=\skip99
\localshortauthorwidth=\skip100
\localshorteditorwidth=\skip101
Package biblatex Info: Trying to load enhanced support for Unicode engines...
Package biblatex Info: ... file 'blx-unicode.def' found.

(d:\Programs\LaTeX\MikTeX\texmfs\install\tex/latex/biblatex\blx-unicode.def)
Package biblatex Info: Trying to load compatibility code...
Package biblatex Info: ... file 'blx-compat.def' found.

(d:\Programs\LaTeX\MikTeX\texmfs\install\tex/latex/biblatex\blx-compat.def
File: blx-compat.def 2025/07/10 v3.21 biblatex compatibility (PK/MW)
)
Package biblatex Info: Trying to load generic definitions...
Package biblatex Info: ... file 'biblatex.def' found.

(d:\Programs\LaTeX\MikTeX\texmfs\install\tex/latex/biblatex\biblatex.def
File: biblatex.def 2025/07/10 v3.21 biblatex compatibility (PK/MW)
\c@textcitecount=\count531
\c@textcitetotal=\count532
\c@textcitemaxnames=\count533
\c@biburlbigbreakpenalty=\count534
\c@biburlbreakpenalty=\count535
\c@biburlnumpenalty=\count536
\c@biburlucpenalty=\count537
\c@biburllcpenalty=\count538
\biburlbigskip=\muskip20
\biburlnumskip=\muskip21
\biburlucskip=\muskip22
\biburllcskip=\muskip23
\c@smartand=\count539
)
Package biblatex Info: Trying to load bibliography style 'numeric'...
Package biblatex Info: ... file 'numeric.bbx' found.

(d:\Programs\LaTeX\MikTeX\texmfs\install\tex/latex/biblatex/bbx\numeric.bbx
File: numeric.bbx 2025/07/10 v3.21 biblatex bibliography style (PK/MW)
Package biblatex Info: Trying to load bibliography style 'standard'...
Package biblatex Info: ... file 'standard.bbx' found.

(d:\Programs\LaTeX\MikTeX\texmfs\install\tex/latex/biblatex/bbx\standard.bbx
File: standard.bbx 2025/07/10 v3.21 biblatex bibliography style (PK/MW)
\c@bbx:relatedcount=\count540
\c@bbx:relatedtotal=\count541
))
Package biblatex Info: Trying to load citation style 'numeric'...
Package biblatex Info: ... file 'numeric.cbx' found.

(d:\Programs\LaTeX\MikTeX\texmfs\install\tex/latex/biblatex/cbx\numeric.cbx
File: numeric.cbx 2025/07/10 v3.21 biblatex citation style (PK/MW)
Package biblatex Info: Redefining '\cite'.
Package biblatex Info: Redefining '\parencite'.
Package biblatex Info: Redefining '\footcite'.
Package biblatex Info: Redefining '\footcitetext'.
Package biblatex Info: Redefining '\smartcite'.
Package biblatex Info: Redefining '\supercite'.
Package biblatex Info: Redefining '\textcite'.
Package biblatex Info: Redefining '\textcites'.
Package biblatex Info: Redefining '\cites'.
Package biblatex Info: Redefining '\parencites'.
Package biblatex Info: Redefining '\smartcites'.
)
Package biblatex Info: Trying to load configuration file...
Package biblatex Info: ... file 'biblatex.cfg' found.

(d:\Programs\LaTeX\MikTeX\texmfs\install\tex/latex/biblatex\biblatex.cfg
File: biblatex.cfg 
)
Package biblatex Info: XeTeX detected.
(biblatex)             Assuming input encoding 'utf8'.
Package biblatex Info: Document encoding is UTF8 ....
Package biblatex Info: ... and expl3
(biblatex)             2026-05-26 L3 programming layer (loader) 
(biblatex)             is new enough (at least 2020/04/06),
(biblatex)             setting 'casechanger=expl3'.

(d:\Programs\LaTeX\MikTeX\texmfs\install\tex/latex/biblatex\blx-case-expl3.sty
Package: blx-case-expl3 2025/07/10 v3.21 expl3 case changing code for biblatex
)) (d:\Programs\LaTeX\MikTeX\texmfs\install\tex/latex/xurl\xurl.sty
Package: xurl 2022/01/09 v 0.10 modify URL breaks

xurl: Set penalties for biblatex
)
\bibparskip=\skip102
 (d:\Programs\LaTeX\MikTeX\texmfs\install\tex/latex/hyperref\hyperref.sty
Package: hyperref 2026-04-24 v7.01q Hypertext links for LaTeX

(d:\Programs\LaTeX\MikTeX\texmfs\install\tex/generic/kvdefinekeys\kvdefinekeys.
sty
Package: kvdefinekeys 2019-12-19 v1.6 Define keys (HO)
)
(d:\Programs\LaTeX\MikTeX\texmfs\install\tex/generic/pdfescape\pdfescape.sty
Package: pdfescape 2019/12/09 v1.15 Implements pdfTeX's escape features (HO)
)
(d:\Programs\LaTeX\MikTeX\texmfs\install\tex/latex/hycolor\hycolor.sty
Package: hycolor 2020-01-27 v1.10 Color options for hyperref/bookmark (HO)
)
(d:\Programs\LaTeX\MikTeX\texmfs\install\tex/latex/hyperref\nameref.sty
Package: nameref 2026-01-29 v2.58 Cross-referencing by name of section

(d:\Programs\LaTeX\MikTeX\texmfs\install\tex/latex/refcount\refcount.sty
Package: refcount 2019/12/15 v3.6 Data extraction from label references (HO)
)
(d:\Programs\LaTeX\MikTeX\texmfs\install\tex/generic/gettitlestring\gettitlestr
ing.sty
Package: gettitlestring 2019/12/15 v1.6 Cleanup title references (HO)
)
\c@section@level=\count542
)
(d:\Programs\LaTeX\MikTeX\texmfs\install\tex/generic/stringenc\stringenc.sty
Package: stringenc 2019/11/29 v1.12 Convert strings between diff. encodings (HO
)
)
\@linkdim=\dimen398
\Hy@linkcounter=\count543
\Hy@pagecounter=\count544

(d:\Programs\LaTeX\MikTeX\texmfs\install\tex/latex/hyperref\pd1enc.def
File: pd1enc.def 2026-04-24 v7.01q Hyperref: PDFDocEncoding definition (HO)
)
(d:\Programs\LaTeX\MikTeX\texmfs\install\tex/generic/intcalc\intcalc.sty
Package: intcalc 2019/12/15 v1.3 Expandable calculations with integers (HO)
)
\Hy@SavedSpaceFactor=\count545

(d:\Programs\LaTeX\MikTeX\texmfs\install\tex/latex/hyperref\puenc.def
File: puenc.def 2026-04-24 v7.01q Hyperref: PDF Unicode definition (HO)
)
Package hyperref Info: Option `colorlinks' set `true' on input line 4070.
Package hyperref Info: Option `bookmarks' set `true' on input line 4070.
Package hyperref Info: Option `bookmarksnumbered' set `true' on input line 4070
.
Package hyperref Info: Option `unicode' set `true' on input line 4070.
Package hyperref Info: Option `linktocpage' set `true' on input line 4070.
Package hyperref Info: Option `hypertexnames' set `false' on input line 4070.
Package hyperref Info: Option `pdftoolbar' set `false' on input line 4070.
Package hyperref Info: Option `pdfdisplaydoctitle' set `true' on input line 407
0.
Package hyperref Info: Option `unicode' set `true' on input line 4070.
Package hyperref Info: Hyper figures OFF on input line 4199.
Package hyperref Info: Link nesting OFF on input line 4204.
Package hyperref Info: Hyper index ON on input line 4207.
Package hyperref Info: Plain pages OFF on input line 4214.
Package hyperref Info: Backreferencing OFF on input line 4219.
Package hyperref Info: Implicit mode ON; LaTeX internals redefined.
Package hyperref Info: Bookmarks ON on input line 4466.
\c@Hy@tempcnt=\count546
LaTeX Info: Redefining \url on input line 4805.
\XeTeXLinkMargin=\dimen399

(d:\Programs\LaTeX\MikTeX\texmfs\install\tex/generic/bitset\bitset.sty
Package: bitset 2019/12/09 v1.3 Handle bit-vector datatype (HO)

(d:\Programs\LaTeX\MikTeX\texmfs\install\tex/generic/bigintcalc\bigintcalc.sty
Package: bigintcalc 2019/12/15 v1.5 Expandable calculations on big integers (HO
)
))
\Fld@menulength=\count547
\Field@Width=\dimen400
\Fld@charsize=\dimen401
Package hyperref Info: Hyper figures OFF on input line 6091.
Package hyperref Info: Link nesting OFF on input line 6096.
Package hyperref Info: Hyper index ON on input line 6099.
Package hyperref Info: backreferencing OFF on input line 6106.
Package hyperref Info: Link coloring ON on input line 6109.
Package hyperref Info: Link coloring with OCG OFF on input line 6116.
Package hyperref Info: PDF/A mode OFF on input line 6121.
\Hy@abspage=\count548
\c@Item=\count549
\c@Hfootnote=\count550
)
Package hyperref Info: Driver (autodetected): hxetex.
 (d:\Programs\LaTeX\MikTeX\texmfs\install\tex/latex/hyperref\hxetex.def
File: hxetex.def 2026-04-24 v7.01q Hyperref driver for XeTeX
\pdfm@box=\box114
\c@Hy@AnnotLevel=\count551
\HyField@AnnotCount=\count552
\Fld@listcount=\count553
\c@bookmark@seq@number=\count554

(d:\Programs\LaTeX\MikTeX\texmfs\install\tex/latex/rerunfilecheck\rerunfilechec
k.sty
Package: rerunfilecheck 2025-06-21 v1.11 Rerun checks for auxiliary files (HO)

(d:\Programs\LaTeX\MikTeX\texmfs\install\tex/generic/uniquecounter\uniquecounte
r.sty
Package: uniquecounter 2019/12/15 v1.4 Provide unlimited unique counter (HO)
)
Package uniquecounter Info: New unique counter `rerunfilecheck' on input line 2
84.
)
\Hy@SectionHShift=\skip103
)
(d:\Programs\LaTeX\MikTeX\texmfs\install\tex/latex/enumitem\enumitem.sty
Package: enumitem 2019/06/20 v3.9 Customized lists
\labelindent=\skip104
\enit@outerparindent=\dimen402
\enit@toks=\toks52
\enit@inbox=\box115
\enit@count@id=\count555
\enitdp@description=\count556
)
\c@Rozdili=\count557
\c@Rozdilii=\count558
\enitdp@Rozdil=\count559

(d:\Programs\LaTeX\MikTeX\texmfs\install\tex/latex/readarray\readarray.sty
Package: readarray 2021/09/17\ 3.1\ Routines for inputting 2D and 3D array data
 and recalling it on an element-by-element basis.

(d:\Programs\LaTeX\MikTeX\texmfs\install\tex/latex/forloop\forloop.sty
Package: forloop 2023/05/03 v3.0 For Loops for LaTeX
)
(d:\Programs\LaTeX\MikTeX\texmfs\install\tex/latex/listofitems\listofitems.sty
(d:\Programs\LaTeX\MikTeX\texmfs\install\tex/generic/listofitems\listofitems.te
x
\loi_cnt_foreach_nest=\count560
\loi_nestcnt=\count561
)
Package: listofitems 2024/03/09 v1.65 Grab items in lists using user-specified 
sep char (CT)
)
\c@@index=\count562
\c@@plane=\count563
\c@@row=\count564
\c@@col=\count565
\c@use@args=\count566
\c@@record=\count567
\c@index@count=\count568
\Arg@toks=\toks53
\@arrayident@toks=\toks54
\rdar@file=\read6
\readarrayendlinechar=\count569

readarray: bounds checking OFF
)
\readquastions=\read7
\c@tmark=\count570
\c@count=\count571
\l_counter_int=\count572
\l_creator_int=\count573
\l_lecturer_int=\count574
\l_practicer_int=\count575
\l_laborer_int=\count576
\g_totalkafs_int=\count577
\g_syllabus_LecHours_int=\count578
\g__syllabus_LecHours_int=\count579
\g_syllabus_PracHours_int=\count580
\g__syllabus_PracHours_int=\count581
\g_syllabus_ComPracHours_int=\count582
\g__syllabus_ComPracHours_int=\count583
\g_syllabus_LabHours_int=\count584
\g__syllabus_LabHours_int=\count585
\g_syllabus_SRSHours_int=\count586
)

Package biblatex Warning: 'babel/polyglossia' detected but 'csquotes' missing.
(biblatex)                Loading 'csquotes' recommended.

\@quotelevel=\count587
\@quotereset=\count588

LaTeX Warning: Unused global option(s):
    [a4].

(Syllabus_Optics_2026.aux
Package babel Info: 'ukrainian' activates 'ukrainian' shorthands.
(babel)             Reported on input line 9.
)
\openout1 = `Syllabus_Optics_2026.aux'.

LaTeX Font Info:    Checking defaults for OML/cmm/m/it on input line 63.
LaTeX Font Info:    ... okay on input line 63.
LaTeX Font Info:    Checking defaults for OMS/cmsy/m/n on input line 63.
LaTeX Font Info:    ... okay on input line 63.
LaTeX Font Info:    Checking defaults for OT1/cmr/m/n on input line 63.
LaTeX Font Info:    ... okay on input line 63.
LaTeX Font Info:    Checking defaults for T1/cmr/m/n on input line 63.
LaTeX Font Info:    ... okay on input line 63.
LaTeX Font Info:    Checking defaults for TS1/cmr/m/n on input line 63.
LaTeX Font Info:    ... okay on input line 63.
LaTeX Font Info:    Checking defaults for TU/lmr/m/n on input line 63.
LaTeX Font Info:    ... okay on input line 63.
LaTeX Font Info:    Checking defaults for OMX/cmex/m/n on input line 63.
LaTeX Font Info:    ... okay on input line 63.
LaTeX Font Info:    Checking defaults for U/cmr/m/n on input line 63.
LaTeX Font Info:    ... okay on input line 63.
LaTeX Font Info:    Checking defaults for PD1/pdf/m/n on input line 63.
LaTeX Font Info:    ... okay on input line 63.
LaTeX Font Info:    Checking defaults for PU/pdf/m/n on input line 63.
LaTeX Font Info:    ... okay on input line 63.

*geometry* driver: auto-detecting
*geometry* detected driver: xetex
*geometry* verbose mode - [ preamble ] result:
* driver: xetex
* paper: a4paper
* layout: <same size as paper>
* layoutoffset:(h,v)=(0.0pt,0.0pt)
* modes: 
* h-part:(L,W,R)=(42.67912pt, 512.14963pt, 42.67912pt)
* v-part:(T,H,B)=(42.67912pt, 759.6886pt, 42.67912pt)
* \paperwidth=597.50787pt
* \paperheight=845.04684pt
* \textwidth=512.14963pt
* \textheight=759.6886pt
* \oddsidemargin=-29.59087pt
* \evensidemargin=-29.59087pt
* \topmargin=-41.59087pt
* \headheight=12.0pt
* \headsep=0.0pt
* \topskip=12.0pt
* \footskip=28.45274pt
* \marginparwidth=44.0pt
* \marginparsep=10.0pt
* \columnsep=10.0pt
* \skip\footins=10.8pt plus 4.0pt minus 2.0pt
* \hoffset=0.0pt
* \voffset=0.0pt
* \mag=1000
* \@twocolumnfalse
* \@twosidefalse
* \@mparswitchfalse
* \@reversemarginfalse
* (1in=72.27pt=25.4mm, 1cm=28.453pt)

LaTeX Info: Redefining \th on input line 63.
LaTeX Info: Redefining \microtypecontext on input line 63.
Package microtype Info: Applying patch `item' on input line 63.
Package microtype Info: Applying patch `toc' on input line 63.
Package microtype Info: Applying patch `eqnum' on input line 63.

Package microtype Warning: Unable to apply patch `footnote' on input line 63.

Package microtype Info: Applying patch `verbatim' on input line 63.
Package microtype Info: Character protrusion enabled (level 2).
Package microtype Info: Using default protrusion set `alltext'.
Package microtype Info: No adjustment of tracking.
Package microtype Info: No adjustment of spacing.
Package microtype Info: No adjustment of kerning.
Package microtype Info: Loading generic protrusion settings for font family
(microtype)             `Calibri' (encoding: TU).
(microtype)             For optimal results, create family-specific settings.
(microtype)             See the microtype manual for details.

Package chemgreek Info: Activating mapping `fontspec' on line 63.

Package caption Info: Begin \AtBeginDocument code.
Package caption Info: hyperref package is loaded.
Package caption Info: longtable package is loaded.
(d:\Programs\LaTeX\MikTeX\texmfs\install\tex/latex/caption\ltcaption.sty
Package: ltcaption 2021/01/08 v1.4c longtable captions (AR)
)
Package caption Info: rotating package is loaded.
Package caption Info: End \AtBeginDocument code.

(d:\Programs\LaTeX\MikTeX\texmfs\install\tex/latex/ninecolors\ninecolors.sty
Package: ninecolors 2022-02-13 v2022D Select colors with proper color contrast
)
Package biblatex Info: Trying to load language 'ukrainian'...
Package biblatex Info: ... file 'ukrainian.lbx' found.

(d:\Programs\LaTeX\MikTeX\texmfs\install\tex/latex/biblatex/lbx\ukrainian.lbx
File: ukrainian.lbx 2025/07/10 v3.21 biblatex localization (PK/MW)
)
Package biblatex Info: Trying to load language 'english'...
Package biblatex Info: ... file 'english.lbx' found.

(d:\Programs\LaTeX\MikTeX\texmfs\install\tex/latex/biblatex/lbx\english.lbx
File: english.lbx 2025/07/10 v3.21 biblatex localization (PK/MW)
)
Package biblatex Info: XeTeX detected.
(biblatex)             Assuming input encoding 'utf8'.
Package biblatex Info: Data encoding 'utf8' specified.
(biblatex)             No need to reencode data.
\openout4 = `Syllabus_Optics_2026.bcf'.

Package biblatex Info: Trying to load bibliographic data...
Package biblatex Info: ... file 'Syllabus_Optics_2026.bbl' found.

(Syllabus_Optics_2026.bbl)
Package biblatex Info: Reference section=0 on input line 63.
Package biblatex Info: Reference segment=0 on input line 63.
Package hyperref Info: Link coloring ON on input line 63.
 (Syllabus_Optics_2026.out) (Syllabus_Optics_2026.out)
\@outlinefile=\write5
\openout5 = `Syllabus_Optics_2026.out'.

Package microtype Info: Loading generic protrusion settings for font family
(microtype)             `Arial' (encoding: TU).
(microtype)             For optimal results, create family-specific settings.
(microtype)             See the microtype manual for details.
File: Syllabus-kpilogo.png Graphic file (type bmp)
<Syllabus-kpilogo.png>
Package microtype Info: Loading generic protrusion settings for font family
(microtype)             `NewCMMath-Book.otf' (encoding: TU).
(microtype)             For optimal results, create family-specific settings.
(microtype)             See the microtype manual for details.
LaTeX Font Info:    Font shape `TU/NewCMMath-Book.otf(8)/m/n' will be
(Font)              scaled to size 12.00128pt on input line 64.
LaTeX Font Info:    Font shape `TU/NewCMMath-Book.otf(8)/m/n' will be
(Font)              scaled to size 8.40088pt on input line 64.
LaTeX Font Info:    Font shape `TU/NewCMMath-Book.otf(8)/m/n' will be
(Font)              scaled to size 6.00064pt on input line 64.
LaTeX Font Info:    Font shape `TU/NewCMMath-Book.otf(9)/m/n' will be
(Font)              scaled to size 11.99872pt on input line 64.
LaTeX Font Info:    Font shape `TU/NewCMMath-Book.otf(9)/m/n' will be
(Font)              scaled to size 8.3991pt on input line 64.
LaTeX Font Info:    Font shape `TU/NewCMMath-Book.otf(9)/m/n' will be
(Font)              scaled to size 5.99936pt on input line 64.
File: Syllabus-apdlogo.png Graphic file (type bmp)
<Syllabus-apdlogo.png>

Overfull \hbox (20.48254pt too wide) in paragraph at lines 64--64
[] [][] 
 []


Underfull \hbox (badness 10000) in paragraph at lines 64--64

 []

> Step: init table outer spec.
> Step: parse table options.
> Step: split table.
> Step: init table inner spec.
> Step: parse table inner spec.
> Step: execute table commands.
> Step: calculate cell and line sizes.
Package microtype Info: Loading generic protrusion settings for font family
(microtype)             `NewCMMono10-Book.otf' (encoding: TU).
(microtype)             For optimal results, create family-specific settings.
(microtype)             See the microtype manual for details.
LaTeX Font Info:    Font shape `TU/NewCMMath-Book.otf(8)/m/n' will be
(Font)              scaled to size 10.95116pt on input line 68.
LaTeX Font Info:    Font shape `TU/NewCMMath-Book.otf(8)/m/n' will be
(Font)              scaled to size 8.00085pt on input line 68.
LaTeX Font Info:    Font shape `TU/NewCMMath-Book.otf(9)/m/n' will be
(Font)              scaled to size 10.94882pt on input line 68.
LaTeX Font Info:    Font shape `TU/NewCMMath-Book.otf(9)/m/n' will be
(Font)              scaled to size 7.99915pt on input line 68.
> Step: build the whole table.

(d:\Programs\LaTeX\MikTeX\texmfs\install\tex/generic/stringenc\se-ascii-print.d
ef
File: se-ascii-print.def 2019/11/29 v1.12 stringenc: Printable ASCII characters

) [1

]

Package hyperref Warning: Token not allowed in a PDF string (Unicode):
(hyperref)                removing `\\' on input line 151.

[2]

Package biblatex Warning: Split bibliography detected.
(biblatex)                Many simple split bibliography setups with
(biblatex)                non-overlapping bibliographies benefit from
(biblatex)                setting 'defernumbers=true'.
(biblatex)                See the documentation for details.
(biblatex)                This warning can be suppressed with
(biblatex)                '\BiblatexSplitbibDefernumbersWarningOff'.


Package biblatex Warning: Split bibliography detected.
(biblatex)                Many simple split bibliography setups with
(biblatex)                non-overlapping bibliographies benefit from
(biblatex)                setting 'defernumbers=true'.
(biblatex)                See the documentation for details.
(biblatex)                This warning can be suppressed with
(biblatex)                '\BiblatexSplitbibDefernumbersWarningOff'.

[3]
> Step: init table outer spec.
> Step: parse table options.
> Step: split table.
> Step: init table inner spec.
> Step: parse table inner spec.
> Step: execute table commands.
> Step: calculate cell and line sizes.
> Step: build the whole table.
 [4

] [5]
> Step: init table outer spec.
> Step: parse table options.
> Step: split table.
> Step: init table inner spec.
> Step: parse table inner spec.
> Step: execute table commands.
> Step: calculate cell and line sizes.
> Step: build the whole table.
 [6]
> Step: init table outer spec.
> Step: parse table options.
> Step: split table.
> Step: init table inner spec.
> Step: parse table inner spec.
> Step: execute table commands.
> Step: calculate cell and line sizes.
> Step: build the whole table.
> Step: init table outer spec.
> Step: parse table options.
> Step: split table.
> Step: init table inner spec.
> Step: parse table inner spec.
> Step: execute table commands.
> Step: calculate cell and line sizes.
> Step: build the whole table.
 [7

] [8

] [9]
Overfull \hbox (3.45773pt too wide) in paragraph at lines 693--694
[]\TU/Calibri(0)/m/n/12 прокоментувати розв’язок довільно вибраних викладачем з
адач із розрахункової роботи (кіль-
 []

[10]
(d:\Programs\LaTeX\MikTeX\texmfs\install\tex/latex/microtype\mt-NewComputerMode
rn.cfg
File: mt-NewComputerModern.cfg 2021/11/09 v1.1 microtype config. file: New Comp
uter Modern (AT)
) [11]
\protocolbox=\box116
 [12

] (Syllabus_Optics_2026.aux)
 ***********
LaTeX2e <2026-06-01>
L3 programming layer <2026-05-26>
 ***********
Package rerunfilecheck Info: File `Syllabus_Optics_2026.out' has not changed.
(rerunfilecheck)             Checksum: FB0C29FDBCDAFEECC68124EDD4E44189;4220.


Package biblatex Warning: Please rerun LaTeX.
(biblatex)                Page breaks have changed.

Package logreq Info: Writing requests to 'Syllabus_Optics_2026.run.xml'.
\openout1 = `Syllabus_Optics_2026.run.xml'.

 ) 
Here is how much of TeX's memory you used:
 56747 strings out of 404336
 1121455 string characters out of 5468618
 2325921 words of memory out of 5000000
 84947 multiletter control sequences out of 15000+600000
 641392 words of font info for 167 fonts, out of 8000000 for 9000
 212 hyphenation exceptions out of 8191
 117i,14n,139p,2771b,6746s stack positions out of 10000i,1000n,20000p,200000b,200000s

Output written on Syllabus_Optics_2026.pdf (12 pages).
